商品名字,综合评分,性价比,功效,口味,包装,星座,性别,喜好种类,职业,年龄,口味喜好,个性标签,报告URL
冬虫夏草花 滋补煲汤食材,5,5,5,5,5,白羊,女,零食,白领,30-34岁,甜食,其他,https://try.taobao.com/report/view.htm?itemId=32554209&reportId=56698419
冬虫夏草花 滋补煲汤食材,5,5,5,5,5,巨蟹,男,主食,白领,30-34岁,酸辣,小资,https://try.taobao.com/report/view.htm?itemId=32554209&reportId=56770664
冬虫夏草花 滋补煲汤食材,4.8,5,5,5,4,狮子,男,生鲜,学生,25-29岁,海鲜,宅男,https://try.taobao.com/report/view.htm?itemId=32554209&reportId=56750707
冬虫夏草花 滋补煲汤食材,5,5,5,5,5,射手,男,主食,白领,25-29岁,甜食,小资,https://try.taobao.com/report/view.htm?itemId=32554209&reportId=56622304
冬虫夏草花 滋补煲汤食材,5,5,5,5,5,水瓶,女,水果,全职妈妈,18-24岁,海鲜,腐女,https://try.taobao.com/report/view.htm?itemId=32554209&reportId=56620144
冬虫夏草花 滋补煲汤食材,5,5,5,5,5,金牛,女,坚果,白领,30-34岁,海鲜,腐女,https://try.taobao.com/report/view.htm?itemId=32554209&reportId=56732426
冬虫夏草花 滋补煲汤食材,5,5,5,5,5,白羊,女,水果,白领,30-34岁,甜食,小资,https://try.taobao.com/report/view.htm?itemId=32554209&reportId=56770745
冬虫夏草花 滋补煲汤食材,4.5,4,5,5,4,处女,女,坚果,自由职业者,25-29岁,甜食,其他,https://try.taobao.com/report/view.htm?itemId=32554209&reportId=56712369
冬虫夏草花 滋补煲汤食材,5,5,5,5,5,白羊,男,主食,其他,30-34岁,甜食,其他,https://try.taobao.com/report/view.htm?itemId=32554209&reportId=56776526
冬虫夏草花 滋补煲汤食材,5,5,5,5,5,天蝎,女,坚果,白领,35-39岁,海鲜,闷骚,https://try.taobao.com/report/view.htm?itemId=32554209&reportId=56742235
冬虫夏草花 滋补煲汤食材,5,5,5,5,5,水瓶,男,冲饮,自由职业者,50岁以上,海鲜,其他,https://try.taobao.com/report/view.htm?itemId=32554209&reportId=56774428
冬虫夏草花 滋补煲汤食材,5,5,5,5,5,狮子,女,零食,全职妈妈,25-29岁,甜食,小资,https://try.taobao.com/report/view.htm?itemId=32554209&reportId=56640237
冬虫夏草花 滋补煲汤食材,5,5,5,5,5,处女,男,生鲜,白领,40-49岁,海鲜,宅男,https://try.taobao.com/report/view.htm?itemId=32554209&reportId=56778465
冬虫夏草花 滋补煲汤食材,4.3,5,4,3,5,天蝎,女,坚果,公务员,25-29岁,川味,小资,https://try.taobao.com/report/view.htm?itemId=32554209&reportId=56702238
冬虫夏草花 滋补煲汤食材,5,5,5,5,5,双子,女,零食,全职妈妈,18-24岁,海鲜,其他,https://try.taobao.com/report/view.htm?itemId=32554209&reportId=56694030
冬虫夏草花 滋补煲汤食材,5,5,5,5,5,处女,男,冲饮,其他,40-49岁,海鲜,宅男,https://try.taobao.com/report/view.htm?itemId=32554209&reportId=56620077
冬虫夏草花 滋补煲汤食材,5,5,5,5,5,巨蟹,女,零食,其他,40-49岁,川味,其他,https://try.taobao.com/report/view.htm?itemId=32554209&reportId=56704252
冬虫夏草花 滋补煲汤食材,5,5,5,5,5,射手,女,水果,全职妈妈,25-29岁,酸辣,小资,https://try.taobao.com/report/view.htm?itemId=32554209&reportId=56728173
冬虫夏草花 滋补煲汤食材,5,5,5,5,5,双鱼,女,零食,白领,30-34岁,甜食,小资,https://try.taobao.com/report/view.htm?itemId=32554209&reportId=56728425
冬虫夏草花 滋补煲汤食材,4.8,4,5,5,5,射手,女,主食,其他,18-24岁,酸辣,小资,https://try.taobao.com/report/view.htm?itemId=32554209&reportId=56702313
冬虫夏草花 滋补煲汤食材,5,5,5,5,5,白羊,男,主食,白领,30-34岁,川味,小资,https://try.taobao.com/report/view.htm?itemId=32554209&reportId=56728730
冬虫夏草花 滋补煲汤食材,5,5,5,5,5,巨蟹,女,生鲜,自由职业者,35-39岁,酸辣,小资,https://try.taobao.com/report/view.htm?itemId=32554209&reportId=56734443
冬虫夏草花 滋补煲汤食材,5,5,5,5,5,天蝎,女,主食,白领,40-49岁,甜食,小资,https://try.taobao.com/report/view.htm?itemId=32554209&reportId=56720402
冬虫夏草花 滋补煲汤食材,5,5,5,5,5,摩羯,女,主食,白领,25-29岁,甜食,其他,https://try.taobao.com/report/view.htm?itemId=32554209&reportId=56606027
冬虫夏草花 滋补煲汤食材,5,5,5,5,5,水瓶,男,坚果,其他,35-39岁,川味,潘,https://try.taobao.com/report/view.htm?itemId=32554209&reportId=56718058
冬虫夏草花 滋补煲汤食材,5,5,5,5,5,白羊,女,零食,白领,18-24岁,海鲜,小资,https://try.taobao.com/report/view.htm?itemId=32554209&reportId=56702574
冬虫夏草花 滋补煲汤食材,5,5,5,5,5,天秤,女,主食,全职妈妈,30-34岁,甜食,其他,https://try.taobao.com/report/view.htm?itemId=32554209&reportId=56584468
冬虫夏草花 滋补煲汤食材,4.8,4,5,5,5,射手,男,主食,其他,40-49岁,酸辣,宅男,https://try.taobao.com/report/view.htm?itemId=32554209&reportId=56618264
冬虫夏草花 滋补煲汤食材,5,5,5,5,5,双鱼,女,主食,其他,18-24岁,海鲜,其他,https://try.taobao.com/report/view.htm?itemId=32554209&reportId=56624241
冬虫夏草花 滋补煲汤食材,5,5,5,5,5,巨蟹,女,水果,其他,30-34岁,酸辣,小资,https://try.taobao.com/report/view.htm?itemId=32554209&reportId=56726168
冬虫夏草花 滋补煲汤食材,5,5,5,5,5,天秤,女,零食,其他,25-29岁,酸辣,小资,https://try.taobao.com/report/view.htm?itemId=32554209&reportId=56624193
冬虫夏草花 滋补煲汤食材,5,5,5,5,5,,,,,,,,https://try.taobao.com/report/view.htm?itemId=32554209&reportId=56716426
冬虫夏草花 滋补煲汤食材,5,5,5,5,5,巨蟹,女,零食,自由职业者,40-49岁,甜食,其他,https://try.taobao.com/report/view.htm?itemId=32554209&reportId=56636191
冬虫夏草花 滋补煲汤食材,4.8,4,5,5,5,巨蟹,男,肉脯,自由职业者,40-49岁,海鲜,宅男,https://try.taobao.com/report/view.htm?itemId=32554209&reportId=56738759
冬虫夏草花 滋补煲汤食材,4,4,3,4,5,巨蟹,女,水果,其他,40-49岁,海鲜,其他,https://try.taobao.com/report/view.htm?itemId=32554209&reportId=56614117
冬虫夏草花 滋补煲汤食材,5,5,5,5,5,,男,坚果,公务员,50岁以上,海鲜,小资,https://try.taobao.com/report/view.htm?itemId=32554209&reportId=56634107
冬虫夏草花 滋补煲汤食材,4.8,5,5,5,4,金牛,男,零食,其他,35-39岁,川味,宅男,https://try.taobao.com/report/view.htm?itemId=32554209&reportId=56710867
康美人生正宗玉树冬虫夏草1克装,5,5,5,5,5,金牛,女,生鲜,公务员,25-29岁,海鲜,小资,https://try.taobao.com/report/view.htm?itemId=32216005&reportId=56136086
康美人生正宗玉树冬虫夏草1克装,4.5,5,4,5,4,天秤,女,水果,自由职业者,30-34岁,川味,小资,https://try.taobao.com/report/view.htm?itemId=32216005&reportId=56042647
免费试用滋补软黄金之冬虫夏草,5,5,5,5,5,狮子,女,零食,公务员,25-29岁,川味,小资,https://try.taobao.com/report/view.htm?itemId=31696246&reportId=55564122
免费试用滋补软黄金之冬虫夏草,4.8,5,5,4,5,摩羯,女,主食,其他,18-24岁,川味,其他,https://try.taobao.com/report/view.htm?itemId=31696246&reportId=55644444
免费试用滋补软黄金之冬虫夏草,5,5,5,5,5,摩羯,男,主食,其他,25-29岁,海鲜,其他,https://try.taobao.com/report/view.htm?itemId=31696246&reportId=55610482
冬虫夏草4根1克,5,5,5,5,5,水瓶,女,生鲜,公务员,30-34岁,酸辣,小资,https://try.taobao.com/report/view.htm?itemId=31606332&reportId=55534508
冬虫夏草4根1克,4.8,4,5,5,5,天蝎,女,生鲜,白领,30-34岁,海鲜,小资,https://try.taobao.com/report/view.htm?itemId=31606332&reportId=55540502
冬虫夏草4根1克,5,5,5,5,5,处女,男,零食,自由职业者,25-29岁,酸辣,小资,https://try.taobao.com/report/view.htm?itemId=31606332&reportId=55598908
冬虫夏草4根1克,5,5,5,5,5,巨蟹,男,冲饮,自由职业者,35-39岁,川味,宅男,https://try.taobao.com/report/view.htm?itemId=31606332&reportId=55540273
东阳光冬虫夏草1g/5根AA级,5,5,5,5,5,天蝎,女,水果,全职妈妈,35-39岁,甜食,其他,https://try.taobao.com/report/view.htm?itemId=31398149&reportId=55028615
东阳光冬虫夏草1g/5根AA级,5,5,5,5,5,双子,男,冲饮,白领,40-49岁,酸辣,小资,https://try.taobao.com/report/view.htm?itemId=31398149&reportId=55058159
东阳光冬虫夏草1g/5根AA级,4.8,4,5,5,5,双鱼,男,酒水,自由职业者,30-34岁,甜食,宅男,https://try.taobao.com/report/view.htm?itemId=31398149&reportId=55018903
东阳光冬虫夏草1g/5根AA级,4.5,4,5,5,4,巨蟹,女,生鲜,学生,18-24岁,海鲜,小资,https://try.taobao.com/report/view.htm?itemId=31398149&reportId=54996363
东阳光冬虫夏草1g/5根AA级,5,5,5,5,5,处女,女,主食,其他,18-24岁,海鲜,潘,https://try.taobao.com/report/view.htm?itemId=31398149&reportId=55098776
东阳光冬虫夏草1g/5根AA级,5,5,5,5,5,白羊,女,冲饮,公务员,40-49岁,川味,小资,https://try.taobao.com/report/view.htm?itemId=31398149&reportId=55104951
青藏高原野生冬虫夏草1g,5,5,5,5,5,天蝎,男,主食,白领,25-29岁,川味,其他,https://try.taobao.com/report/view.htm?itemId=30674254&reportId=54478013
冬虫夏草 新鲜的更好,5,5,5,5,5,巨蟹,女,水果,学生,18-24岁,酸辣,其他,https://try.taobao.com/report/view.htm?itemId=30246169&reportId=54046718
冬虫夏草 新鲜的更好,5,5,5,5,5,狮子,男,冲饮,公务员,40-49岁,川味,宅男,https://try.taobao.com/report/view.htm?itemId=30246169&reportId=53816721
冬虫夏草 新鲜的更好,4.5,5,4,4,5,水瓶,男,生鲜,白领,30-34岁,海鲜,小资,https://try.taobao.com/report/view.htm?itemId=30246169&reportId=54260230
冬虫夏草 新鲜的更好,5,5,5,5,5,水瓶,女,水果,教师,35-39岁,海鲜,小资,https://try.taobao.com/report/view.htm?itemId=30246169&reportId=53812047
冬虫夏草 新鲜的更好,5,5,5,5,5,天蝎,女,生鲜,自由职业者,35-39岁,海鲜,小资,https://try.taobao.com/report/view.htm?itemId=30246169&reportId=53932024
冬虫夏草 新鲜的更好,5,5,5,5,5,狮子,女,生鲜,白领,30-34岁,海鲜,小资,https://try.taobao.com/report/view.htm?itemId=30246169&reportId=54062116
冬虫夏草 新鲜的更好,5,5,5,5,5,双子,女,零食,自由职业者,25-29岁,川味,小资,https://try.taobao.com/report/view.htm?itemId=30246169&reportId=54320316
冬虫夏草 新鲜的更好,5,5,5,5,5,摩羯,男,主食,其他,30-34岁,甜食,其他,https://try.taobao.com/report/view.htm?itemId=30246169&reportId=54222457
冬虫夏草 新鲜的更好,5,5,5,5,5,双鱼,女,零食,学生,25-29岁,川味,其他,https://try.taobao.com/report/view.htm?itemId=30246169&reportId=54048047
冬虫夏草 新鲜的更好,4.5,4,4,5,5,摩羯,女,主食,全职妈妈,35-39岁,酸辣,小资,https://try.taobao.com/report/view.htm?itemId=30246169&reportId=53698010
冬虫夏草 新鲜的更好,5,5,5,5,5,天蝎,男,酒水,自由职业者,40-49岁,海鲜,其他,https://try.taobao.com/report/view.htm?itemId=30246169&reportId=54052687
冬虫夏草 新鲜的更好,5,5,5,5,5,巨蟹,女,水果,白领,30-34岁,酸辣,小资,https://try.taobao.com/report/view.htm?itemId=30246169&reportId=54194530
冬虫夏草 新鲜的更好,5,5,5,5,5,狮子,男,主食,自由职业者,25-29岁,海鲜,高富帅,https://try.taobao.com/report/view.htm?itemId=30246169&reportId=53838739
冬虫夏草 新鲜的更好,5,5,5,5,5,射手,女,坚果,教师,35-39岁,甜食,小资,https://try.taobao.com/report/view.htm?itemId=30246169&reportId=53802960
冬虫夏草 新鲜的更好,5,5,5,5,5,射手,女,主食,白领,30-34岁,海鲜,小资,https://try.taobao.com/report/view.htm?itemId=30246169&reportId=53836426
正宗玉树冬虫夏草4根/g,5,5,5,5,5,巨蟹,女,水果,白领,25-29岁,甜食,潘,https://try.taobao.com/report/view.htm?itemId=29972091&reportId=53484401
正宗玉树冬虫夏草4根/g,5,5,5,5,5,狮子,男,冲饮,白领,18-24岁,川味,小资,https://try.taobao.com/report/view.htm?itemId=29972091&reportId=53396363
冬虫夏草5根/g那曲虫草,5,5,5,5,5,水瓶,女,零食,自由职业者,18-24岁,甜食,腐女,https://try.taobao.com/report/view.htm?itemId=29352092&reportId=53098076
冬虫夏草5根/g那曲虫草,5,5,5,5,5,天蝎,男,坚果,白领,35-39岁,海鲜,小资,https://try.taobao.com/report/view.htm?itemId=29352092&reportId=52764504
正宗玉树冬虫夏草4根/g,4.8,5,4,5,5,天秤,女,冲饮,白领,25-29岁,川味,腐女,https://try.taobao.com/report/view.htm?itemId=28458152&reportId=52094128
西藏野生冬虫夏草胶囊正品,5,5,5,5,5,射手,女,水果,学生,18-24岁,甜食,小资,https://try.taobao.com/report/view.htm?itemId=28410077&reportId=51936121
西藏野生冬虫夏草胶囊正品,5,5,5,5,5,狮子,女,主食,白领,30-34岁,甜食,腐女,https://try.taobao.com/report/view.htm?itemId=28410077&reportId=51824098
西藏野生冬虫夏草胶囊正品,5,5,5,5,5,天蝎,男,主食,其他,40-49岁,甜食,其他,https://try.taobao.com/report/view.htm?itemId=28410077&reportId=51884154
冬虫夏草礼盒装,5,5,5,5,5,白羊,女,生鲜,其他,35-39岁,海鲜,其他,https://try.taobao.com/report/view.htm?itemId=28076155&reportId=51252046
茗德 那曲野生冬虫夏草,5,5,5,5,5,天蝎,女,水果,教师,18-24岁,酸辣,小资,https://try.taobao.com/report/view.htm?itemId=27656070&reportId=51110112
滋补品中黄金―西藏那曲冬虫夏草,4.8,5,5,4,5,双子,男,生鲜,其他,18-24岁,海鲜,潘,https://try.taobao.com/report/view.htm?itemId=24984068&reportId=48432020
滋补品中黄金―西藏那曲冬虫夏草,5,5,5,5,5,处女,女,主食,白领,35-39岁,甜食,潘,https://try.taobao.com/report/view.htm?itemId=24984068&reportId=48062266
滋补品中黄金―西藏那曲冬虫夏草,5,5,5,5,5,双鱼,男,生鲜,其他,25-29岁,海鲜,其他,https://try.taobao.com/report/view.htm?itemId=24984068&reportId=47802288
滋补品中黄金―西藏那曲冬虫夏草,5,5,5,5,5,巨蟹,男,水果,其他,25-29岁,川味,其他,https://try.taobao.com/report/view.htm?itemId=24984068&reportId=47898020
冬虫夏草3根/克,5,5,5,5,5,,,,,,,,https://try.taobao.com/report/view.htm?itemId=23584624&reportId=45992227
冬虫夏草3根/克,5,5,5,5,5,,,,,,,,https://try.taobao.com/report/view.htm?itemId=23584624&reportId=45962643
冬虫夏草3根/克,4.8,5,5,4,5,,,,,,,,https://try.taobao.com/report/view.htm?itemId=23584624&reportId=45904077
冬虫夏草3根/克,5,5,5,5,5,,,,,,,,https://try.taobao.com/report/view.htm?itemId=23584624&reportId=46048730
冬虫夏草3根/克,5,5,5,5,5,,,,,,,,https://try.taobao.com/report/view.htm?itemId=23584624&reportId=46074330
正宗西藏那曲冬虫夏草,5,5,5,5,5,水瓶,女,零食,自由职业者,30-34岁,酸辣,小资,https://try.taobao.com/report/view.htm?itemId=23462544&reportId=45982126
正宗西藏那曲冬虫夏草,4.8,5,5,5,4,天秤,女,主食,白领,30-34岁,甜食,其他,https://try.taobao.com/report/view.htm?itemId=23462544&reportId=45886344
正宗西藏那曲冬虫夏草,4.8,5,5,4,5,天蝎,男,酒水,其他,35-39岁,甜食,潘,https://try.taobao.com/report/view.htm?itemId=23462544&reportId=45876874
久羚玉树雪山冬虫夏草,5,5,5,5,5,,,,,,,,https://try.taobao.com/report/view.htm?itemId=23032085&reportId=44810772
久羚玉树雪山冬虫夏草,5,5,5,5,5,,,,,,,,https://try.taobao.com/report/view.htm?itemId=23032085&reportId=44902416
久羚玉树雪山冬虫夏草,5,5,5,5,5,,,,,,,,https://try.taobao.com/report/view.htm?itemId=23032085&reportId=45292384
久羚玉树雪山冬虫夏草,5,5,5,5,5,,,,,,,,https://try.taobao.com/report/view.htm?itemId=23032085&reportId=44712457
钰爵冬虫夏草4条/克,5,5,5,5,5,水瓶,女,生鲜,其他,18-24岁,海鲜,其他,https://try.taobao.com/report/view.htm?itemId=22488896&reportId=42806422
钰爵冬虫夏草4条/克,5,5,5,5,5,,,,,,,,https://try.taobao.com/report/view.htm?itemId=22488896&reportId=42738832
钰爵冬虫夏草4条/克,5,5,5,5,5,处女,女,主食,其他,30-34岁,甜食,小资,https://try.taobao.com/report/view.htm?itemId=22488896&reportId=43182955
钰爵冬虫夏草4条/克,5,5,5,5,5,,,,,,,,https://try.taobao.com/report/view.htm?itemId=22488896&reportId=42994122
滋补臻品 西藏那曲冬虫夏草,5,5,5,5,5,,,,,,,,https://try.taobao.com/report/view.htm?itemId=21706193&reportId=41994158
滋补臻品 西藏那曲冬虫夏草,5,5,5,5,5,,,,,,,,https://try.taobao.com/report/view.htm?itemId=21706193&reportId=41978705
滋补臻品 西藏那曲冬虫夏草,5,5,5,5,5,,,,,,,,https://try.taobao.com/report/view.htm?itemId=21706193&reportId=42498391
滋补臻品 西藏那曲冬虫夏草,5,5,5,5,5,,,,,,,,https://try.taobao.com/report/view.htm?itemId=21706193&reportId=42240040
滋补臻品 西藏那曲冬虫夏草,5,5,5,5,5,,,,,,,,https://try.taobao.com/report/view.htm?itemId=21706193&reportId=42468482
滋补臻品 西藏那曲冬虫夏草,4.3,4,4,5,4,狮子,男,主食,白领,25-29岁,甜食,潘,https://try.taobao.com/report/view.htm?itemId=21706193&reportId=42146710
滋补臻品 西藏那曲冬虫夏草,5,5,5,5,5,天蝎,男,生鲜,其他,35-39岁,海鲜,小资,https://try.taobao.com/report/view.htm?itemId=21706193&reportId=42334026
精选四川阿坝冬虫夏草,5,5,5,5,5,,,,,,,,https://try.taobao.com/report/view.htm?itemId=21606463&reportId=41976204
精选四川阿坝冬虫夏草,5,5,5,5,5,狮子,女,零食,白领,18-24岁,甜食,小资,https://try.taobao.com/report/view.htm?itemId=21606463&reportId=42588108
精选四川阿坝冬虫夏草,4.5,5,4,4,5,处女,女,零食,其他,25-29岁,甜食,腐女,https://try.taobao.com/report/view.htm?itemId=21606463&reportId=42238085
精选四川阿坝冬虫夏草,5,5,5,5,5,,,,,,,,https://try.taobao.com/report/view.htm?itemId=21606463&reportId=42224713
精选四川阿坝冬虫夏草,4.8,5,5,4,5,,,,,,,,https://try.taobao.com/report/view.htm?itemId=21606463&reportId=41918113
精选四川阿坝冬虫夏草,5,5,5,5,5,巨蟹,女,零食,学生,18-24岁,甜食,土豪,https://try.taobao.com/report/view.htm?itemId=21606463&reportId=41910286
精选四川阿坝冬虫夏草,5,5,5,5,5,,,,,,,,https://try.taobao.com/report/view.htm?itemId=21606463&reportId=41996558
精选四川阿坝冬虫夏草,1.3,5,0,0,0,金牛,女,生鲜,全职妈妈,50岁以上,海鲜,其他,https://try.taobao.com/report/view.htm?itemId=21606463&reportId=41970347
精选四川阿坝冬虫夏草,4.5,5,4,4,5,金牛,女,冲饮,学生,18-24岁,甜食,潘,https://try.taobao.com/report/view.htm?itemId=21606463&reportId=42048799
精选四川阿坝冬虫夏草,5,5,5,5,5,,,,,,,,https://try.taobao.com/report/view.htm?itemId=21606463&reportId=44054079
精选四川阿坝冬虫夏草,5,5,5,5,5,,,,,,,,https://try.taobao.com/report/view.htm?itemId=21606463&reportId=42056791
精选四川阿坝冬虫夏草,5,5,5,5,5,水瓶,女,零食,学生,18岁以下,川味,其他,https://try.taobao.com/report/view.htm?itemId=21606463&reportId=42160740
精选四川阿坝冬虫夏草,5,5,5,5,5,天秤,男,生鲜,其他,35-39岁,川味,其他,https://try.taobao.com/report/view.htm?itemId=21606463&reportId=41800808
精选四川阿坝冬虫夏草,5,5,5,5,5,,,,,,,,https://try.taobao.com/report/view.htm?itemId=21606463&reportId=41792780
精选四川阿坝冬虫夏草,5,5,5,5,5,,,,,,,,https://try.taobao.com/report/view.htm?itemId=21606463&reportId=42680016
精选四川阿坝冬虫夏草,5,5,5,5,5,金牛,男,主食,自由职业者,40-49岁,甜食,小资,https://try.taobao.com/report/view.htm?itemId=21606463&reportId=41788552
精选四川阿坝冬虫夏草,4.5,5,5,4,4,摩羯,女,主食,白领,18-24岁,海鲜,小资,https://try.taobao.com/report/view.htm?itemId=21606463&reportId=42346472
精选四川阿坝冬虫夏草,5,5,5,5,5,,,,,,,,https://try.taobao.com/report/view.htm?itemId=21606463&reportId=42334245
精选四川阿坝冬虫夏草,5,5,5,5,5,天秤,女,生鲜,白领,30-34岁,海鲜,小资,https://try.taobao.com/report/view.htm?itemId=21606463&reportId=41886965
精选四川阿坝冬虫夏草,4,4,4,4,4,,,,,,,,https://try.taobao.com/report/view.htm?itemId=21606463&reportId=41778477
精选四川阿坝冬虫夏草,5,5,5,5,5,天蝎,女,零食,教师,18-24岁,海鲜,其他,https://try.taobao.com/report/view.htm?itemId=21606463&reportId=41796317
精选四川阿坝冬虫夏草,4.8,4,5,5,5,狮子,女,水果,自由职业者,40-49岁,川味,其他,https://try.taobao.com/report/view.htm?itemId=21606463&reportId=42326910
精选四川阿坝冬虫夏草,4.3,5,5,2,5,射手,女,零食,白领,25-29岁,海鲜,小资,https://try.taobao.com/report/view.htm?itemId=21606463&reportId=41800826
精选四川阿坝冬虫夏草,4.8,5,5,4,5,巨蟹,男,生鲜,白领,30-34岁,海鲜,小资,https://try.taobao.com/report/view.htm?itemId=21606463&reportId=41972259
精选四川阿坝冬虫夏草,5,5,5,5,5,,,,,,,,https://try.taobao.com/report/view.htm?itemId=21606463&reportId=41936795
精选四川阿坝冬虫夏草,5,5,5,5,5,,,,,,,,https://try.taobao.com/report/view.htm?itemId=21606463&reportId=42278787
精选四川阿坝冬虫夏草,5,5,5,5,5,,,,,,,,https://try.taobao.com/report/view.htm?itemId=21606463&reportId=42618167
精选四川阿坝冬虫夏草,4.3,3,5,5,4,狮子,女,零食,全职妈妈,25-29岁,甜食,小资,https://try.taobao.com/report/view.htm?itemId=21606463&reportId=42286928
精选四川阿坝冬虫夏草,3.8,4,5,3,3,,,,,,,,https://try.taobao.com/report/view.htm?itemId=21606463&reportId=41914545
精选四川阿坝冬虫夏草,3.8,4,4,3,4,水瓶,女,水果,其他,25-29岁,酸辣,其他,https://try.taobao.com/report/view.htm?itemId=21606463&reportId=41798461
精选四川阿坝冬虫夏草,5,5,5,5,5,,,,,,,,https://try.taobao.com/report/view.htm?itemId=21606463&reportId=41858129
精选四川阿坝冬虫夏草,5,5,5,5,5,巨蟹,女,水果,白领,25-29岁,川味,其他,https://try.taobao.com/report/view.htm?itemId=21606463&reportId=41782045
精选四川阿坝冬虫夏草,5,5,5,5,5,,,,,,,,https://try.taobao.com/report/view.htm?itemId=21606463&reportId=42230250
精选四川阿坝冬虫夏草,4.8,5,5,5,4,天秤,女,生鲜,全职妈妈,25-29岁,酸辣,其他,https://try.taobao.com/report/view.htm?itemId=21606463&reportId=41794014
精选四川阿坝冬虫夏草,5,5,5,5,5,天蝎,女,水果,白领,18-24岁,甜食,小资,https://try.taobao.com/report/view.htm?itemId=21606463&reportId=42382070
精选四川阿坝冬虫夏草,5,5,5,5,5,天秤,男,水果,其他,25-29岁,甜食,宅男,https://try.taobao.com/report/view.htm?itemId=21606463&reportId=41934238
精选四川阿坝冬虫夏草,5,5,5,5,5,,,,,,,,https://try.taobao.com/report/view.htm?itemId=21606463&reportId=42022826
精选四川阿坝冬虫夏草,5,5,5,5,5,,,,,,,,https://try.taobao.com/report/view.htm?itemId=21606463&reportId=42106706
精选四川阿坝冬虫夏草,3.3,3,3,3,4,天蝎,女,水果,白领,18-24岁,海鲜,小资,https://try.taobao.com/report/view.htm?itemId=21606463&reportId=43042394
精选四川阿坝冬虫夏草,5,5,5,5,5,巨蟹,女,零食,全职妈妈,30-34岁,酸辣,其他,https://try.taobao.com/report/view.htm?itemId=21606463&reportId=41788419
精选四川阿坝冬虫夏草,5,5,5,5,5,水瓶,男,主食,其他,40-49岁,海鲜,潘,https://try.taobao.com/report/view.htm?itemId=21606463&reportId=41972377
精选四川阿坝冬虫夏草,5,5,5,5,5,,,,,,,,https://try.taobao.com/report/view.htm?itemId=21606463&reportId=42304616
精选四川阿坝冬虫夏草,5,5,5,5,5,,,,,,,,https://try.taobao.com/report/view.htm?itemId=21606463&reportId=42114629
精选四川阿坝冬虫夏草,4.5,4,5,4,5,,,,,,,,https://try.taobao.com/report/view.htm?itemId=21606463&reportId=42172806
精选四川阿坝冬虫夏草,5,5,5,5,5,白羊,男,主食,白领,25-29岁,甜食,小资,https://try.taobao.com/report/view.htm?itemId=21606463&reportId=41800034
精选四川阿坝冬虫夏草,5,5,5,5,5,摩羯,女,零食,自由职业者,25-29岁,甜食,小资,https://try.taobao.com/report/view.htm?itemId=21606463&reportId=42756703
精选四川阿坝冬虫夏草,5,5,5,5,5,狮子,男,坚果,自由职业者,35-39岁,海鲜,土豪,https://try.taobao.com/report/view.htm?itemId=21606463&reportId=41984983
精选四川阿坝冬虫夏草,4,4,4,4,4,,,,,,,,https://try.taobao.com/report/view.htm?itemId=21606463&reportId=42028747
精选四川阿坝冬虫夏草,5,5,5,5,5,,,,,,,,https://try.taobao.com/report/view.htm?itemId=21606463&reportId=41816152
精选四川阿坝冬虫夏草,5,5,5,5,5,,,,,,,,https://try.taobao.com/report/view.htm?itemId=21606463&reportId=41898752
精选四川阿坝冬虫夏草,5,5,5,5,5,,,,,,,,https://try.taobao.com/report/view.htm?itemId=21606463&reportId=41942136
精选四川阿坝冬虫夏草,5,5,5,5,5,,,,,,,,https://try.taobao.com/report/view.htm?itemId=21606463&reportId=42014040
精选四川阿坝冬虫夏草,5,5,5,5,5,摩羯,女,坚果,学生,18-24岁,甜食,其他,https://try.taobao.com/report/view.htm?itemId=21606463&reportId=41834060
精选四川阿坝冬虫夏草,5,5,5,5,5,,,,,,,,https://try.taobao.com/report/view.htm?itemId=21606463&reportId=42104440
精选四川阿坝冬虫夏草,4.8,5,5,5,4,水瓶,女,零食,白领,25-29岁,川味,其他,https://try.taobao.com/report/view.htm?itemId=21606463&reportId=41840617
精选四川阿坝冬虫夏草,5,5,5,5,5,处女,女,零食,学生,18-24岁,酸辣,其他,https://try.taobao.com/report/view.htm?itemId=21606463&reportId=42520962
精选四川阿坝冬虫夏草,5,5,5,5,5,水瓶,男,水果,白领,18-24岁,海鲜,宅男,https://try.taobao.com/report/view.htm?itemId=21606463&reportId=41862150
精选四川阿坝冬虫夏草,4,4,4,3,5,巨蟹,女,主食,其他,18-24岁,海鲜,腐女,https://try.taobao.com/report/view.htm?itemId=21606463&reportId=42872722
精选四川阿坝冬虫夏草,5,5,5,5,5,天秤,女,主食,白领,18-24岁,海鲜,小资,https://try.taobao.com/report/view.htm?itemId=21606463&reportId=41826250
精选四川阿坝冬虫夏草,5,5,5,5,5,,,,,,,,https://try.taobao.com/report/view.htm?itemId=21606463&reportId=42156543
精选四川阿坝冬虫夏草,5,5,5,5,5,,,,,,,,https://try.taobao.com/report/view.htm?itemId=21606463&reportId=41892243
精选四川阿坝冬虫夏草,5,5,5,5,5,白羊,男,主食,白领,18岁以下,川味,小资,https://try.taobao.com/report/view.htm?itemId=21606463&reportId=41834479
精选四川阿坝冬虫夏草,5,5,5,5,5,双鱼,女,冲饮,自由职业者,30-34岁,甜食,其他,https://try.taobao.com/report/view.htm?itemId=21606463&reportId=41800215
精选四川阿坝冬虫夏草,4,3,4,4,5,白羊,女,主食,全职妈妈,35-39岁,川味,其他,https://try.taobao.com/report/view.htm?itemId=21606463&reportId=42210531
精选四川阿坝冬虫夏草,3.8,4,4,3,4,,,,,,,,https://try.taobao.com/report/view.htm?itemId=21606463&reportId=42226444
精选四川阿坝冬虫夏草,5,5,5,5,5,双鱼,女,水果,白领,25-29岁,海鲜,小资,https://try.taobao.com/report/view.htm?itemId=21606463&reportId=41820960
精选四川阿坝冬虫夏草,5,5,5,5,5,,,,,,,,https://try.taobao.com/report/view.htm?itemId=21606463&reportId=42350028
精选四川阿坝冬虫夏草,5,5,5,5,5,,,,,,,,https://try.taobao.com/report/view.htm?itemId=21606463&reportId=42048189
精选四川阿坝冬虫夏草,5,5,5,5,5,天蝎,女,水果,其他,30-34岁,甜食,其他,https://try.taobao.com/report/view.htm?itemId=21606463&reportId=41800685
精选四川阿坝冬虫夏草,5,5,5,5,5,水瓶,女,主食,学生,18岁以下,海鲜,土豪,https://try.taobao.com/report/view.htm?itemId=21606463&reportId=42838234
精选四川阿坝冬虫夏草,5,5,5,5,5,,,,,,,,https://try.taobao.com/report/view.htm?itemId=21606463&reportId=42240198
精选四川阿坝冬虫夏草,4.5,5,4,4,5,金牛,男,主食,其他,40-49岁,川味,宅男,https://try.taobao.com/report/view.htm?itemId=21606463&reportId=41818838
精选四川阿坝冬虫夏草,5,5,5,5,5,,,,,,,,https://try.taobao.com/report/view.htm?itemId=21606463&reportId=41942058
精选四川阿坝冬虫夏草,5,5,5,5,5,水瓶,女,水果,全职妈妈,30-34岁,甜食,其他,https://try.taobao.com/report/view.htm?itemId=21606463&reportId=42144810
精选四川阿坝冬虫夏草,5,5,5,5,5,,,,,,,,https://try.taobao.com/report/view.htm?itemId=21606463&reportId=41846066
精选四川阿坝冬虫夏草,5,5,5,5,5,射手,女,水果,全职妈妈,30-34岁,海鲜,其他,https://try.taobao.com/report/view.htm?itemId=21606463&reportId=42326087
精选四川阿坝冬虫夏草,5,5,5,5,5,摩羯,男,生鲜,其他,25-29岁,酸辣,小资,https://try.taobao.com/report/view.htm?itemId=21606463&reportId=41886347
精选四川阿坝冬虫夏草,4.5,4,5,4,5,,,,,,,,https://try.taobao.com/report/view.htm?itemId=21606463&reportId=41988688
精选四川阿坝冬虫夏草,5,5,5,5,5,,,,,,,,https://try.taobao.com/report/view.htm?itemId=21606463&reportId=42326848
精选四川阿坝冬虫夏草,5,5,5,5,5,天蝎,女,水果,其他,25-29岁,川味,小资,https://try.taobao.com/report/view.htm?itemId=21606463&reportId=41690052
精选四川阿坝冬虫夏草,5,5,5,5,5,金牛,女,零食,其他,18-24岁,酸辣,其他,https://try.taobao.com/report/view.htm?itemId=21606463&reportId=41794624
精选四川阿坝冬虫夏草,5,5,5,5,5,天蝎,女,水果,教师,18-24岁,甜食,其他,https://try.taobao.com/report/view.htm?itemId=21606463&reportId=41746348
精选四川阿坝冬虫夏草,4.3,4,4,4,5,天秤,男,主食,全职妈妈,35-39岁,川味,小资,https://try.taobao.com/report/view.htm?itemId=21606463&reportId=41842944
精选四川阿坝冬虫夏草,3.3,4,3,3,3,,,,,,,,https://try.taobao.com/report/view.htm?itemId=21606463&reportId=41910836
精选四川阿坝冬虫夏草,4.3,4,4,4,5,,,,,,,,https://try.taobao.com/report/view.htm?itemId=21606463&reportId=42054204
精选四川阿坝冬虫夏草,5,5,5,5,5,,,,,,,,https://try.taobao.com/report/view.htm?itemId=21606463&reportId=42240900
精选四川阿坝冬虫夏草,5,5,5,5,5,,,,,,,,https://try.taobao.com/report/view.htm?itemId=21606463&reportId=42108148
精选四川阿坝冬虫夏草,5,5,5,5,5,,,,,,,,https://try.taobao.com/report/view.htm?itemId=21606463&reportId=42262280
精选四川阿坝冬虫夏草,5,5,5,5,5,摩羯,女,零食,白领,30-34岁,川味,腐女,https://try.taobao.com/report/view.htm?itemId=21606463&reportId=41836196
精选四川阿坝冬虫夏草,5,5,5,5,5,巨蟹,女,零食,学生,18-24岁,川味,其他,https://try.taobao.com/report/view.htm?itemId=21606463&reportId=41882329
精选四川阿坝冬虫夏草,5,5,5,5,5,金牛,男,水果,自由职业者,18-24岁,川味,小资,https://try.taobao.com/report/view.htm?itemId=21606463&reportId=41952104
精选四川阿坝冬虫夏草,4.5,4,5,4,5,,,,,,,,https://try.taobao.com/report/view.htm?itemId=21606463&reportId=41808836
精选四川阿坝冬虫夏草,5,5,5,5,5,摩羯,女,肉脯,白领,18-24岁,海鲜,小资,https://try.taobao.com/report/view.htm?itemId=21606463&reportId=41792792
精选四川阿坝冬虫夏草,4.8,5,5,4,5,,,,,,,,https://try.taobao.com/report/view.htm?itemId=21606463&reportId=42288797
精选四川阿坝冬虫夏草,5,5,5,5,5,射手,女,肉脯,其他,25-29岁,川味,其他,https://try.taobao.com/report/view.htm?itemId=21606463&reportId=41814185
精选四川阿坝冬虫夏草,4.8,5,5,5,4,,,,,,,,https://try.taobao.com/report/view.htm?itemId=21606463&reportId=42212245
精选四川阿坝冬虫夏草,5,5,5,5,5,,,,,,,,https://try.taobao.com/report/view.htm?itemId=21606463&reportId=42122993
精选四川阿坝冬虫夏草,5,5,5,5,5,,,,,,,,https://try.taobao.com/report/view.htm?itemId=21606463&reportId=42324678
精选四川阿坝冬虫夏草,5,5,5,5,5,狮子,女,主食,全职妈妈,25-29岁,酸辣,其他,https://try.taobao.com/report/view.htm?itemId=21606463&reportId=41694253
精选四川阿坝冬虫夏草,5,5,5,5,5,摩羯,男,生鲜,自由职业者,30-34岁,川味,其他,https://try.taobao.com/report/view.htm?itemId=21606463&reportId=42176290
精选四川阿坝冬虫夏草,5,5,5,5,5,射手,女,坚果,其他,25-29岁,甜食,小资,https://try.taobao.com/report/view.htm?itemId=21606463&reportId=41984378
精选四川阿坝冬虫夏草,5,5,5,5,5,白羊,女,零食,已退休,40-49岁,酸辣,潘,https://try.taobao.com/report/view.htm?itemId=21606463&reportId=42690322
精选四川阿坝冬虫夏草,5,5,5,5,5,,,,,,,,https://try.taobao.com/report/view.htm?itemId=21606463&reportId=41832426
精选四川阿坝冬虫夏草,5,5,5,5,5,白羊,女,零食,学生,18-24岁,甜食,小资,https://try.taobao.com/report/view.htm?itemId=21606463&reportId=41998742
精选四川阿坝冬虫夏草,3.5,3,3,3,5,双子,女,冲饮,白领,35-39岁,川味,小资,https://try.taobao.com/report/view.htm?itemId=21606463&reportId=41810694
精选四川阿坝冬虫夏草,5,5,5,5,5,,,,,,,,https://try.taobao.com/report/view.htm?itemId=21606463&reportId=41902003
精选四川阿坝冬虫夏草,5,5,5,5,5,,,,,,,,https://try.taobao.com/report/view.htm?itemId=21606463&reportId=41812675
精选四川阿坝冬虫夏草,5,5,5,5,5,双子,女,主食,学生,18岁以下,海鲜,小资,https://try.taobao.com/report/view.htm?itemId=21606463&reportId=42090467
精选四川阿坝冬虫夏草,4.8,5,5,5,4,摩羯,女,主食,自由职业者,30-34岁,川味,其他,https://try.taobao.com/report/view.htm?itemId=21606463&reportId=41844979
精选四川阿坝冬虫夏草,5,5,5,5,5,巨蟹,女,零食,自由职业者,18-24岁,甜食,小资,https://try.taobao.com/report/view.htm?itemId=21606463&reportId=41792299
精选四川阿坝冬虫夏草,4.8,5,5,5,4,,,,,,,,https://try.taobao.com/report/view.htm?itemId=21606463&reportId=41816311
精选四川阿坝冬虫夏草,5,5,5,5,5,,,,,,,,https://try.taobao.com/report/view.htm?itemId=21606463&reportId=42256291
精选四川阿坝冬虫夏草,5,5,5,5,5,,,,,,,,https://try.taobao.com/report/view.htm?itemId=21606463&reportId=41988807
精选四川阿坝冬虫夏草,5,5,5,5,5,,,,,,,,https://try.taobao.com/report/view.htm?itemId=21606463&reportId=41918331
精选四川阿坝冬虫夏草,5,5,5,5,5,,,,,,,,https://try.taobao.com/report/view.htm?itemId=21606463&reportId=41842780
精选四川阿坝冬虫夏草,3.3,4,4,3,2,,,,,,,,https://try.taobao.com/report/view.htm?itemId=21606463&reportId=42332592
精选四川阿坝冬虫夏草,4,4,4,4,4,处女,女,零食,学生,18岁以下,甜食,其他,https://try.taobao.com/report/view.htm?itemId=21606463&reportId=44620760
精选四川阿坝冬虫夏草,4.3,4,4,4,5,摩羯,男,零食,白领,25-29岁,川味,闷骚,https://try.taobao.com/report/view.htm?itemId=21606463&reportId=42138632
精选四川阿坝冬虫夏草,5,5,5,5,5,,,,,,,,https://try.taobao.com/report/view.htm?itemId=21606463&reportId=41768356
精选四川阿坝冬虫夏草,5,5,5,5,5,,,,,,,,https://try.taobao.com/report/view.htm?itemId=21606463&reportId=42254284
精选四川阿坝冬虫夏草,5,5,5,5,5,天蝎,女,肉脯,公务员,25-29岁,海鲜,小资,https://try.taobao.com/report/view.htm?itemId=21606463&reportId=42638469
精选四川阿坝冬虫夏草,4.8,5,5,4,5,,,,,,,,https://try.taobao.com/report/view.htm?itemId=21606463&reportId=42304869
精选四川阿坝冬虫夏草,5,5,5,5,5,双子,女,生鲜,全职妈妈,35-39岁,海鲜,小资,https://try.taobao.com/report/view.htm?itemId=21606463&reportId=41786513
精选四川阿坝冬虫夏草,5,5,5,5,5,射手,女,零食,学生,18岁以下,海鲜,腐女,https://try.taobao.com/report/view.htm?itemId=21606463&reportId=41746474
精选四川阿坝冬虫夏草,3,3,3,3,3,,,,,,,,https://try.taobao.com/report/view.htm?itemId=21606463&reportId=42058174
精选四川阿坝冬虫夏草,5,5,5,5,5,,,,,,,,https://try.taobao.com/report/view.htm?itemId=21606463&reportId=41952042
精选四川阿坝冬虫夏草,5,5,5,5,5,,,,,,,,https://try.taobao.com/report/view.htm?itemId=21606463&reportId=41948378
精选四川阿坝冬虫夏草,5,5,5,5,5,天秤,男,主食,自由职业者,30-34岁,川味,潘,https://try.taobao.com/report/view.htm?itemId=21606463&reportId=41958538
精选四川阿坝冬虫夏草,3.3,4,3,3,3,白羊,男,水果,白领,25-29岁,川味,小资,https://try.taobao.com/report/view.htm?itemId=21606463&reportId=41888379
精选四川阿坝冬虫夏草,5,5,5,5,5,摩羯,男,肉脯,白领,35-39岁,酸辣,潘,https://try.taobao.com/report/view.htm?itemId=21606463&reportId=41954675
精选四川阿坝冬虫夏草,5,5,5,5,5,白羊,女,主食,公务员,35-39岁,甜食,白富美,https://try.taobao.com/report/view.htm?itemId=21606463&reportId=41782951
珍玖源精选野生冬虫夏草正品,4.5,4,5,4,5,,,,,,,,https://try.taobao.com/report/view.htm?itemId=21220476&reportId=41136514
珍玖源精选野生冬虫夏草正品,5,5,5,5,5,水瓶,男,生鲜,其他,30-34岁,海鲜,其他,https://try.taobao.com/report/view.htm?itemId=21220476&reportId=40996108
珍玖源精选野生冬虫夏草正品,5,5,5,5,5,,,,,,,,https://try.taobao.com/report/view.htm?itemId=21220476&reportId=41504725
珍玖源精选野生冬虫夏草正品,5,5,5,5,5,,,,,,,,https://try.taobao.com/report/view.htm?itemId=21220476&reportId=41288203
珍玖源精选野生冬虫夏草正品,5,5,5,5,5,,,,,,,,https://try.taobao.com/report/view.htm?itemId=21220476&reportId=41294020
珍玖源精选野生冬虫夏草正品,4,5,5,3,3,,,,,,,,https://try.taobao.com/report/view.htm?itemId=21220476&reportId=41580228
珍玖源精选野生冬虫夏草正品,5,5,5,5,5,,,,,,,,https://try.taobao.com/report/view.htm?itemId=21220476&reportId=41308321
西藏那曲冬虫夏草 4根/克,5,5,5,5,5,,,,,,,,https://try.taobao.com/report/view.htm?itemId=20944194&reportId=40110214
西藏那曲冬虫夏草 4根/克,4.3,4,4,4,5,,,,,,,,https://try.taobao.com/report/view.htm?itemId=20944194&reportId=40388190
西藏那曲冬虫夏草 4根/克,5,5,5,5,5,,,,,,,,https://try.taobao.com/report/view.htm?itemId=20944194&reportId=40050721
西藏那曲冬虫夏草 4根/克,5,5,5,5,5,,,,,,,,https://try.taobao.com/report/view.htm?itemId=20944194&reportId=40150721
抗疲劳增强免疫滋补冬虫夏草含片,5,5,5,5,5,,,,,,,,https://try.taobao.com/report/view.htm?itemId=20676023&reportId=39280101
抗疲劳增强免疫滋补冬虫夏草含片,5,5,5,5,5,,,,,,,,https://try.taobao.com/report/view.htm?itemId=20676023&reportId=39046132
抗疲劳增强免疫滋补冬虫夏草含片,5,5,5,5,5,,,,,,,,https://try.taobao.com/report/view.htm?itemId=20676023&reportId=39230597
抗疲劳增强免疫滋补冬虫夏草含片,5,5,5,5,5,天蝎,男,酒水,其他,35-39岁,川味,其他,https://try.taobao.com/report/view.htm?itemId=20676023&reportId=38920927
抗疲劳增强免疫滋补冬虫夏草含片,5,5,5,5,5,,,,,,,,https://try.taobao.com/report/view.htm?itemId=20676023&reportId=39378666
抗疲劳增强免疫滋补冬虫夏草含片,4.5,5,4,4,5,,,,,,,,https://try.taobao.com/report/view.htm?itemId=20676023&reportId=39242538
香港楼上 冬虫夏草,5,5,5,5,5,,,,,,,,https://try.taobao.com/report/view.htm?itemId=20504295&reportId=38666783
香港楼上 冬虫夏草,5,5,5,5,5,,,,,,,,https://try.taobao.com/report/view.htm?itemId=20504295&reportId=38820577
冬虫夏草含片,5,5,5,5,5,,,,,,,,https://try.taobao.com/report/view.htm?itemId=20312223&reportId=38250608
冬虫夏草含片,5,5,5,5,5,,,,,,,,https://try.taobao.com/report/view.htm?itemId=20312223&reportId=37600040
冬虫夏草含片,5,5,5,5,5,摩羯,男,酒水,公务员,50岁以上,海鲜,其他,https://try.taobao.com/report/view.htm?itemId=20312223&reportId=37738608
冬虫夏草含片,5,5,5,5,5,摩羯,女,主食,其他,40-49岁,海鲜,潘,https://try.taobao.com/report/view.htm?itemId=19932583&reportId=37222725
冬虫夏草含片,5,5,5,5,5,,,,,,,,https://try.taobao.com/report/view.htm?itemId=19932583&reportId=37378946
冬虫夏草含片,4.5,5,5,3,5,射手,女,坚果,自由职业者,30-34岁,甜食,腐女,https://try.taobao.com/report/view.htm?itemId=19932583&reportId=37508667
万基牌冬虫夏草胶囊,5,5,5,5,5,,,,,,,,https://try.taobao.com/report/view.htm?itemId=19882508&reportId=37036037
万基牌冬虫夏草胶囊,5,5,5,5,5,,,,,,,,https://try.taobao.com/report/view.htm?itemId=19882508&reportId=37150474
万基牌冬虫夏草胶囊,5,5,5,5,5,,,,,,,,https://try.taobao.com/report/view.htm?itemId=19882508&reportId=36560960
万基牌冬虫夏草胶囊,5,5,5,5,5,双子,男,肉脯,其他,35-39岁,海鲜,宅男,https://try.taobao.com/report/view.htm?itemId=19882508&reportId=37462364
万基牌冬虫夏草胶囊,5,5,5,5,5,双鱼,男,主食,其他,40-49岁,甜食,其他,https://try.taobao.com/report/view.htm?itemId=19882508&reportId=36242893
万基牌冬虫夏草胶囊,5,5,5,5,5,,,,,,,,https://try.taobao.com/report/view.htm?itemId=19882508&reportId=36966474
万基牌冬虫夏草胶囊,4.5,5,4,4,5,,,,,,,,https://try.taobao.com/report/view.htm?itemId=19882508&reportId=37878540
万基牌冬虫夏草胶囊,5,5,5,5,5,天蝎,女,零食,教师,25-29岁,川味,小资,https://try.taobao.com/report/view.htm?itemId=19882508&reportId=36626183
高海拨冬虫夏草 精选1条装,5,5,5,5,5,,,,,,,,https://try.taobao.com/report/view.htm?itemId=19030422&reportId=35434893
高海拨冬虫夏草 精选1条装,4.5,5,4,4,5,,,,,,,,https://try.taobao.com/report/view.htm?itemId=19030422&reportId=35500561
高海拨冬虫夏草 精选1条装,5,5,5,5,5,,,,,,,,https://try.taobao.com/report/view.htm?itemId=19030422&reportId=35240824
高海拨冬虫夏草 精选1条装,5,5,5,5,5,,,,,,,,https://try.taobao.com/report/view.htm?itemId=19030422&reportId=35242869
高海拨冬虫夏草 精选1条装,5,5,5,5,5,,,,,,,,https://try.taobao.com/report/view.htm?itemId=19030422&reportId=35290502
高海拨冬虫夏草 精选1条装,5,5,5,5,5,,,,,,,,https://try.taobao.com/report/view.htm?itemId=19030422&reportId=35706790
高海拨冬虫夏草 精选1条装,5,5,5,5,5,,,,,,,,https://try.taobao.com/report/view.htm?itemId=19030422&reportId=36092140
高海拨冬虫夏草 精选1条装,5,5,5,5,5,,,,,,,,https://try.taobao.com/report/view.htm?itemId=19030422&reportId=35246152
高海拨冬虫夏草 精选1条装,5,5,5,5,5,,,,,,,,https://try.taobao.com/report/view.htm?itemId=19030422&reportId=35578528
高海拨冬虫夏草 精选1条装,5,5,5,5,5,,,,,,,,https://try.taobao.com/report/view.htm?itemId=19030422&reportId=35334318
高海拨冬虫夏草 精选1条装,5,5,5,5,5,水瓶,男,生鲜,白领,25-29岁,海鲜,闷骚,https://try.taobao.com/report/view.htm?itemId=19030422&reportId=37196415
高海拨冬虫夏草 精选1条装,5,5,5,5,5,,,,,,,,https://try.taobao.com/report/view.htm?itemId=19030422&reportId=35260299
高海拨冬虫夏草 精选1条装,5,5,5,5,5,白羊,女,水果,白领,25-29岁,酸辣,腐女,https://try.taobao.com/report/view.htm?itemId=19030422&reportId=35524387
高海拨冬虫夏草 精选1条装,5,5,5,5,5,,,,,,,,https://try.taobao.com/report/view.htm?itemId=19030422&reportId=35360012
高海拨冬虫夏草 精选1条装,5,5,5,5,5,,,,,,,,https://try.taobao.com/report/view.htm?itemId=19030422&reportId=35356368
高海拨冬虫夏草 精选1条装,5,5,5,5,5,,,,,,,,https://try.taobao.com/report/view.htm?itemId=19030422&reportId=35206157
高海拨冬虫夏草 精选1条装,5,5,5,5,5,,,,,,,,https://try.taobao.com/report/view.htm?itemId=19030422&reportId=35276510
高海拨冬虫夏草 精选1条装,5,5,5,5,5,,,,,,,,https://try.taobao.com/report/view.htm?itemId=19030422&reportId=35242575
高海拨冬虫夏草 精选1条装,5,5,5,5,5,,,,,,,,https://try.taobao.com/report/view.htm?itemId=19030422&reportId=35202324
高海拨冬虫夏草 精选1条装,5,5,5,5,5,,,,,,,,https://try.taobao.com/report/view.htm?itemId=19030422&reportId=35604530
高海拨冬虫夏草 精选1条装,4,4,4,4,4,,,,,,,,https://try.taobao.com/report/view.htm?itemId=19030422&reportId=35304038
高海拨冬虫夏草 精选1条装,5,5,5,5,5,,,,,,,,https://try.taobao.com/report/view.htm?itemId=19030422&reportId=35532406
高海拨冬虫夏草 精选1条装,4.5,4,5,5,4,,,,,,,,https://try.taobao.com/report/view.htm?itemId=19030422&reportId=35416743
高海拨冬虫夏草 精选1条装,5,5,5,5,5,,,,,,,,https://try.taobao.com/report/view.htm?itemId=19030422&reportId=35248848
高海拨冬虫夏草 精选1条装,5,5,5,5,5,,,,,,,,https://try.taobao.com/report/view.htm?itemId=19030422&reportId=35774388
高海拨冬虫夏草 精选1条装,5,5,5,5,5,处女,女,零食,自由职业者,25-29岁,酸辣,其他,https://try.taobao.com/report/view.htm?itemId=19030422&reportId=35616828
高海拨冬虫夏草 精选1条装,5,5,5,5,5,,,,,,,,https://try.taobao.com/report/view.htm?itemId=19030422&reportId=35560133
高海拨冬虫夏草 精选1条装,5,5,5,5,5,,,,,,,,https://try.taobao.com/report/view.htm?itemId=19030422&reportId=41974748
高海拨冬虫夏草 精选1条装,5,5,5,5,5,,,,,,,,https://try.taobao.com/report/view.htm?itemId=19030422&reportId=35570312
高海拨冬虫夏草 精选1条装,4.5,4,4,5,5,,,,,,,,https://try.taobao.com/report/view.htm?itemId=19030422&reportId=35630136
高海拨冬虫夏草 精选1条装,5,5,5,5,5,双鱼,女,水果,自由职业者,25-29岁,川味,其他,https://try.taobao.com/report/view.htm?itemId=19030422&reportId=35554280
高海拨冬虫夏草 精选1条装,5,5,5,5,5,,,,,,,,https://try.taobao.com/report/view.htm?itemId=19030422&reportId=35202632
高海拨冬虫夏草 精选1条装,5,5,5,5,5,,,,,,,,https://try.taobao.com/report/view.htm?itemId=19030422&reportId=35234618
高海拨冬虫夏草 精选1条装,5,5,5,5,5,,,,,,,,https://try.taobao.com/report/view.htm?itemId=19030422&reportId=35504949
高海拨冬虫夏草 精选1条装,3.5,4,3,3,4,,,,,,,,https://try.taobao.com/report/view.htm?itemId=19030422&reportId=35332106
高海拨冬虫夏草 精选1条装,5,5,5,5,5,,,,,,,,https://try.taobao.com/report/view.htm?itemId=19030422&reportId=35410142
高海拨冬虫夏草 精选1条装,5,5,5,5,5,摩羯,男,生鲜,其他,30-34岁,酸辣,其他,https://try.taobao.com/report/view.htm?itemId=19030422&reportId=35238210
高海拨冬虫夏草 精选1条装,5,5,5,5,5,,,,,,,,https://try.taobao.com/report/view.htm?itemId=19030422&reportId=35596766
高海拨冬虫夏草 精选1条装,5,5,5,5,5,,,,,,,,https://try.taobao.com/report/view.htm?itemId=19030422&reportId=35450511
高海拨冬虫夏草 精选1条装,5,5,5,5,5,金牛,女,零食,其他,25-29岁,甜食,其他,https://try.taobao.com/report/view.htm?itemId=19030422&reportId=35258107
高海拨冬虫夏草 精选1条装,5,5,5,5,5,,,,,,,,https://try.taobao.com/report/view.htm?itemId=19030422&reportId=35526907
高海拨冬虫夏草 精选1条装,5,5,5,5,5,,,,,,,,https://try.taobao.com/report/view.htm?itemId=19030422&reportId=35192691
高海拨冬虫夏草 精选1条装,2.3,1,2,3,3,,,,,,,,https://try.taobao.com/report/view.htm?itemId=19030422&reportId=35552419
高海拨冬虫夏草 精选1条装,4.3,5,4,4,4,,,,,,,,https://try.taobao.com/report/view.htm?itemId=19030422&reportId=35574452
高海拨冬虫夏草 精选1条装,4.8,5,5,5,4,水瓶,女,生鲜,白领,18-24岁,海鲜,小资,https://try.taobao.com/report/view.htm?itemId=19030422&reportId=36062288
高海拨冬虫夏草 精选1条装,5,5,5,5,5,,,,,,,,https://try.taobao.com/report/view.htm?itemId=19030422&reportId=35226781
高海拨冬虫夏草 精选1条装,5,5,5,5,5,天秤,女,零食,其他,25-29岁,酸辣,小资,https://try.taobao.com/report/view.htm?itemId=19030422&reportId=35298261
嘎木 正宗西藏那曲雪域冬虫夏草,5,5,5,5,5,,,,,,,,https://try.taobao.com/report/view.htm?itemId=18724006&reportId=34470776
嘎木 正宗西藏那曲雪域冬虫夏草,5,5,5,5,5,射手,女,零食,白领,30-34岁,甜食,潘,https://try.taobao.com/report/view.htm?itemId=18724006&reportId=34224851
嘎木 正宗西藏那曲雪域冬虫夏草,5,5,5,5,5,水瓶,男,零食,自由职业者,18-24岁,海鲜,潘,https://try.taobao.com/report/view.htm?itemId=18724006&reportId=35508850
冬虫夏草含片5X补肾滋补送礼,5,5,5,5,5,,,,,,,,https://try.taobao.com/report/view.htm?itemId=17566967&reportId=32516109
冬虫夏草含片5X补肾滋补送礼,5,5,5,5,5,,,,,,,,https://try.taobao.com/report/view.htm?itemId=17566967&reportId=32404552
冬虫夏草含片5X补肾滋补送礼,5,5,5,5,5,双鱼,女,零食,白领,25-29岁,甜食,其他,https://try.taobao.com/report/view.htm?itemId=17566967&reportId=31954157
冬虫夏草含片5X补肾滋补送礼,5,5,5,5,5,,,,,,,,https://try.taobao.com/report/view.htm?itemId=17566967&reportId=32102580
西藏那曲高等级冬虫夏草,5,5,5,5,5,处女,男,零食,其他,30-34岁,海鲜,宅男,https://try.taobao.com/report/view.htm?itemId=17560397&reportId=31980125
西藏那曲高等级冬虫夏草,5,5,5,5,5,水瓶,男,主食,白领,35-39岁,海鲜,小资,https://try.taobao.com/report/view.htm?itemId=17560397&reportId=31900250
西藏那曲高等级冬虫夏草,5,5,5,5,5,狮子,女,零食,白领,25-29岁,酸辣,其他,https://try.taobao.com/report/view.htm?itemId=17560397&reportId=31874395
西藏那曲高等级冬虫夏草,4.3,5,4,4,4,,,,,,,,https://try.taobao.com/report/view.htm?itemId=17560397&reportId=32074611
西藏那曲高等级冬虫夏草,5,5,5,5,5,,,,,,,,https://try.taobao.com/report/view.htm?itemId=17560397&reportId=32382018
冬虫夏草含片礼盒正品厂家直销,5,5,5,5,5,,,,,,,,https://try.taobao.com/report/view.htm?itemId=17554283&reportId=32374528
冬虫夏草含片礼盒正品厂家直销,4.3,4,3,5,5,,,,,,,,https://try.taobao.com/report/view.htm?itemId=17554283&reportId=32082039
冬虫夏草含片礼盒正品厂家直销,5,5,5,5,5,,,,,,,,https://try.taobao.com/report/view.htm?itemId=17554283&reportId=31956162
康富美冬虫夏草胶囊,5,5,5,5,5,,,,,,,,https://try.taobao.com/report/view.htm?itemId=17480258&reportId=31674640
康富美冬虫夏草胶囊,4,4,4,4,4,,,,,,,,https://try.taobao.com/report/view.htm?itemId=17480258&reportId=31686363
野生冬虫夏草含片,5,5,5,5,5,,,,,,,,https://try.taobao.com/report/view.htm?itemId=16782277&reportId=30206662
野生冬虫夏草含片,5,5,5,5,5,,,,,,,,https://try.taobao.com/report/view.htm?itemId=16782277&reportId=29950934
野生冬虫夏草含片,4.3,4,5,3,5,,,,,,,,https://try.taobao.com/report/view.htm?itemId=16782277&reportId=30456211
兰芙冬虫夏草精华抗皱套装,5,,,,,,,,,,,,https://try.taobao.com/report/view.htm?itemId=16660700&reportId=29750491
兰芙冬虫夏草精华抗皱套装,5,,,,,,,,,,,,https://try.taobao.com/report/view.htm?itemId=16660700&reportId=29636789
兰芙冬虫夏草精华抗皱套装,5,,,,,,,,,,,,https://try.taobao.com/report/view.htm?itemId=16660700&reportId=29744037
兰芙冬虫夏草精华抗皱套装,5,,,,,,,,,,,,https://try.taobao.com/report/view.htm?itemId=16660700&reportId=29622178
兰芙冬虫夏草精华抗皱套装,5,,,,,,,,,,,,https://try.taobao.com/report/view.htm?itemId=16660700&reportId=29438319
兰芙冬虫夏草精华抗皱套装,5,,,,,,,,,,,,https://try.taobao.com/report/view.htm?itemId=16660700&reportId=29626086
兰芙冬虫夏草精华抗皱套装,5,,,,,,,,,,,,https://try.taobao.com/report/view.htm?itemId=16660700&reportId=29390186
兰芙冬虫夏草精华抗皱套装,5,,,,,,,,,,,,https://try.taobao.com/report/view.htm?itemId=16660700&reportId=29574361
兰芙冬虫夏草精华抗皱套装,5,,,,,,,,,,,,https://try.taobao.com/report/view.htm?itemId=16660700&reportId=29716451
晨曦冬虫夏草4根/克玉树野生,5,5,5,5,5,,,,,,,,https://try.taobao.com/report/view.htm?itemId=16386485&reportId=29354076
晨曦冬虫夏草4根/克玉树野生,5,5,5,5,5,,,,,,,,https://try.taobao.com/report/view.htm?itemId=16386485&reportId=29476122
晨曦冬虫夏草4根/克玉树野生,5,5,5,5,5,,,,,,,,https://try.taobao.com/report/view.htm?itemId=16386485&reportId=28910037
晨曦冬虫夏草4根/克玉树野生,5,5,5,5,5,,,,,,,,https://try.taobao.com/report/view.htm?itemId=16386485&reportId=29444485
晨曦冬虫夏草4根/克玉树野生,5,5,5,5,5,,,,,,,,https://try.taobao.com/report/view.htm?itemId=16386485&reportId=28934548
晨曦冬虫夏草4根/克玉树野生,5,5,5,5,5,,,,,,,,https://try.taobao.com/report/view.htm?itemId=16386485&reportId=29422929
晨曦冬虫夏草4根/克玉树野生,5,5,5,5,5,,,,,,,,https://try.taobao.com/report/view.htm?itemId=16386485&reportId=28934755
晨曦冬虫夏草4根/克玉树野生,3.8,3,4,4,4,,,,,,,,https://try.taobao.com/report/view.htm?itemId=16386485&reportId=28850240
晨曦冬虫夏草4根/克玉树野生,5,5,5,5,5,,,,,,,,https://try.taobao.com/report/view.htm?itemId=16386485&reportId=29380458
冬虫夏草,5,5,5,5,5,,,,,,,,https://try.taobao.com/report/view.htm?itemId=16084244&reportId=28554240
冬虫夏草,5,5,5,5,5,,,,,,,,https://try.taobao.com/report/view.htm?itemId=16084244&reportId=28564145
冬虫夏草,5,5,5,5,5,,,,,,,,https://try.taobao.com/report/view.htm?itemId=16084244&reportId=28836893
冬虫夏草,5,5,5,5,5,,,,,,,,https://try.taobao.com/report/view.htm?itemId=16084244&reportId=33268317
冬虫夏草,4.8,5,5,5,4,,,,,,,,https://try.taobao.com/report/view.htm?itemId=16084244&reportId=28926306
冬虫夏草,5,5,5,5,5,,,,,,,,https://try.taobao.com/report/view.htm?itemId=16084244&reportId=28934982
冬虫夏草,5,5,5,5,5,,,,,,,,https://try.taobao.com/report/view.htm?itemId=16084244&reportId=29180570
冬虫夏草,5,5,5,5,5,,,,,,,,https://try.taobao.com/report/view.htm?itemId=16084244&reportId=28574515
冬虫夏草,5,5,5,5,5,,,,,,,,https://try.taobao.com/report/view.htm?itemId=16084244&reportId=28970187
冬虫夏草,3.3,3,3,3,4,,,,,,,,https://try.taobao.com/report/view.htm?itemId=16084244&reportId=29148888
冬虫夏草,5,5,5,5,5,,,,,,,,https://try.taobao.com/report/view.htm?itemId=16084244&reportId=29116537
冬虫夏草,5,5,5,5,5,,,,,,,,https://try.taobao.com/report/view.htm?itemId=16084244&reportId=29190445
冬虫夏草,5,5,5,5,5,,,,,,,,https://try.taobao.com/report/view.htm?itemId=16084244&reportId=29002541
冬虫夏草,5,5,5,5,5,,,,,,,,https://try.taobao.com/report/view.htm?itemId=16084244&reportId=28490446
冬虫夏草,5,5,5,5,5,,,,,,,,https://try.taobao.com/report/view.htm?itemId=16084244&reportId=28810150
冬虫夏草,1.8,1,1,1,4,,,,,,,,https://try.taobao.com/report/view.htm?itemId=16084244&reportId=28636922
冬虫夏草,3.3,3,3,3,4,,,,,,,,https://try.taobao.com/report/view.htm?itemId=16084244&reportId=28654971
冬虫夏草,5,5,5,5,5,,,,,,,,https://try.taobao.com/report/view.htm?itemId=16084244&reportId=28696984
冬虫夏草,4,4,4,4,4,,,,,,,,https://try.taobao.com/report/view.htm?itemId=16084244&reportId=28868548
冬虫夏草,5,5,5,5,5,,,,,,,,https://try.taobao.com/report/view.htm?itemId=16084244&reportId=28526893
冬虫夏草,5,5,5,5,5,,,,,,,,https://try.taobao.com/report/view.htm?itemId=16084244&reportId=29212917
冬虫夏草,4.5,4,5,5,4,,,,,,,,https://try.taobao.com/report/view.htm?itemId=16084244&reportId=29016501
冬虫夏草,5,5,5,5,5,,,,,,,,https://try.taobao.com/report/view.htm?itemId=16084244&reportId=28672450
冬虫夏草,5,5,5,5,5,,,,,,,,https://try.taobao.com/report/view.htm?itemId=16084244&reportId=29232162
冬虫夏草,4.3,4,4,4,5,,,,,,,,https://try.taobao.com/report/view.htm?itemId=16084244&reportId=28672359
冬虫夏草,5,5,5,5,5,,,,,,,,https://try.taobao.com/report/view.htm?itemId=16084244&reportId=29026923
冬虫夏草,5,5,5,5,5,,,,,,,,https://try.taobao.com/report/view.htm?itemId=16084244&reportId=28504759
冬虫夏草,5,5,5,5,5,,,,,,,,https://try.taobao.com/report/view.htm?itemId=16084244&reportId=29132523
冬虫夏草,5,5,5,5,5,,,,,,,,https://try.taobao.com/report/view.htm?itemId=16084244&reportId=28940328
冬虫夏草,4.3,4,5,4,4,,,,,,,,https://try.taobao.com/report/view.htm?itemId=16084244&reportId=29002344
冬虫夏草,5,5,5,5,5,,,,,,,,https://try.taobao.com/report/view.htm?itemId=16084244&reportId=28884240
冬虫夏草,4.3,4,4,4,5,,,,,,,,https://try.taobao.com/report/view.htm?itemId=16084244&reportId=29136436
冬虫夏草,5,5,5,5,5,,,,,,,,https://try.taobao.com/report/view.htm?itemId=16084244&reportId=29004301
冬虫夏草,5,5,5,5,5,,,,,,,,https://try.taobao.com/report/view.htm?itemId=16084244&reportId=28512394
冬虫夏草,5,5,5,5,5,,,,,,,,https://try.taobao.com/report/view.htm?itemId=16084244&reportId=28830714
冬虫夏草,5,5,5,5,5,,,,,,,,https://try.taobao.com/report/view.htm?itemId=16084244&reportId=29130346
冬虫夏草,5,5,5,5,5,,,,,,,,https://try.taobao.com/report/view.htm?itemId=16084244&reportId=28904544
冬虫夏草,5,5,5,5,5,,,,,,,,https://try.taobao.com/report/view.htm?itemId=16084244&reportId=28620072
冬虫夏草,5,5,5,5,5,,,,,,,,https://try.taobao.com/report/view.htm?itemId=16084244&reportId=29076381
冬虫夏草,5,5,5,5,5,,,,,,,,https://try.taobao.com/report/view.htm?itemId=16084244&reportId=28864005
冬虫夏草,5,5,5,5,5,,,,,,,,https://try.taobao.com/report/view.htm?itemId=16084244&reportId=29216401
冬虫夏草,4.3,4,4,4,5,,,,,,,,https://try.taobao.com/report/view.htm?itemId=16084244&reportId=28658031
冬虫夏草,5,5,5,5,5,,,,,,,,https://try.taobao.com/report/view.htm?itemId=16084244&reportId=29166519
冬虫夏草,5,5,5,5,5,,,,,,,,https://try.taobao.com/report/view.htm?itemId=16084244&reportId=29146436
冬虫夏草,5,5,5,5,5,,,,,,,,https://try.taobao.com/report/view.htm?itemId=16084244&reportId=28658804
冬虫夏草,5,5,5,5,5,,,,,,,,https://try.taobao.com/report/view.htm?itemId=16084244&reportId=28558708
冬虫夏草,5,5,5,5,5,,,,,,,,https://try.taobao.com/report/view.htm?itemId=16084244&reportId=29212168
冬虫夏草,5,5,5,5,5,,,,,,,,https://try.taobao.com/report/view.htm?itemId=16084244&reportId=28944465
冬虫夏草,5,5,5,5,5,,,,,,,,https://try.taobao.com/report/view.htm?itemId=16084244&reportId=28516681
冬虫夏草,5,5,5,5,5,,,,,,,,https://try.taobao.com/report/view.htm?itemId=16084244&reportId=29020822
冬虫夏草,5,5,5,5,5,,,,,,,,https://try.taobao.com/report/view.htm?itemId=16084244&reportId=29222090
冬虫夏草,5,5,5,5,5,,,,,,,,https://try.taobao.com/report/view.htm?itemId=16084244&reportId=28936047
冬虫夏草,5,5,5,5,5,,,,,,,,https://try.taobao.com/report/view.htm?itemId=16084244&reportId=28734196
冬虫夏草,4,4,4,4,4,,,,,,,,https://try.taobao.com/report/view.htm?itemId=16084244&reportId=29156144
冬虫夏草,4.5,5,5,4,4,,,,,,,,https://try.taobao.com/report/view.htm?itemId=16084244&reportId=29054008
冬虫夏草,5,5,5,5,5,,,,,,,,https://try.taobao.com/report/view.htm?itemId=16084244&reportId=28686385
冬虫夏草,5,5,5,5,5,,,,,,,,https://try.taobao.com/report/view.htm?itemId=16084244&reportId=28762117
冬虫夏草,5,5,5,5,5,,,,,,,,https://try.taobao.com/report/view.htm?itemId=16084244&reportId=29016701
冬虫夏草,4.8,4,5,5,5,,,,,,,,https://try.taobao.com/report/view.htm?itemId=16084244&reportId=28506084
冬虫夏草,4.3,5,4,4,4,,,,,,,,https://try.taobao.com/report/view.htm?itemId=16084244&reportId=31824860
冬虫夏草,5,5,5,5,5,,,,,,,,https://try.taobao.com/report/view.htm?itemId=16084244&reportId=28710009
冬虫夏草,5,5,5,5,5,,,,,,,,https://try.taobao.com/report/view.htm?itemId=16084244&reportId=28670680
冬虫夏草,3,3,3,3,3,,,,,,,,https://try.taobao.com/report/view.htm?itemId=16084244&reportId=28694993
冬虫夏草,5,5,5,5,5,,,,,,,,https://try.taobao.com/report/view.htm?itemId=16084244&reportId=28574945
冬虫夏草,4.8,5,5,5,4,,,,,,,,https://try.taobao.com/report/view.htm?itemId=16084244&reportId=29024447
冬虫夏草,5,5,5,5,5,,,,,,,,https://try.taobao.com/report/view.htm?itemId=16084244&reportId=28696838
冬虫夏草,5,5,5,5,5,,,,,,,,https://try.taobao.com/report/view.htm?itemId=16084244&reportId=28684246
冬虫夏草,4.5,5,5,4,4,,,,,,,,https://try.taobao.com/report/view.htm?itemId=16084244&reportId=29028838
冬虫夏草,5,5,5,5,5,,,,,,,,https://try.taobao.com/report/view.htm?itemId=16084244&reportId=28662562
冬虫夏草,5,5,5,5,5,,,,,,,,https://try.taobao.com/report/view.htm?itemId=16084244&reportId=29226034
冬虫夏草,5,5,5,5,5,,,,,,,,https://try.taobao.com/report/view.htm?itemId=16084244&reportId=30646511
冬虫夏草,5,5,5,5,5,,,,,,,,https://try.taobao.com/report/view.htm?itemId=16084244&reportId=28682335
冬虫夏草,5,5,5,5,5,,,,,,,,https://try.taobao.com/report/view.htm?itemId=16084244&reportId=28860487
冬虫夏草,5,5,5,5,5,,,,,,,,https://try.taobao.com/report/view.htm?itemId=16084244&reportId=28624415
冬虫夏草,3.5,4,3,4,3,,,,,,,,https://try.taobao.com/report/view.htm?itemId=16084244&reportId=29152987
冬虫夏草,5,5,5,5,5,,,,,,,,https://try.taobao.com/report/view.htm?itemId=16084244&reportId=28884891
冬虫夏草,5,5,5,5,5,,,,,,,,https://try.taobao.com/report/view.htm?itemId=16084244&reportId=29214032
冬虫夏草,5,5,5,5,5,,,,,,,,https://try.taobao.com/report/view.htm?itemId=16084244&reportId=28876544
冬虫夏草,5,5,5,5,5,,,,,,,,https://try.taobao.com/report/view.htm?itemId=16084244&reportId=28946252
冬虫夏草,4.8,5,5,5,4,,,,,,,,https://try.taobao.com/report/view.htm?itemId=16084244&reportId=28808309
冬虫夏草,5,5,5,5,5,,,,,,,,https://try.taobao.com/report/view.htm?itemId=16084244&reportId=28950217
冬虫夏草,4,4,4,3,5,,,,,,,,https://try.taobao.com/report/view.htm?itemId=16084244&reportId=29106190
冬虫夏草,5,5,5,5,5,,,,,,,,https://try.taobao.com/report/view.htm?itemId=16084244&reportId=28700926
冬虫夏草,4,4,4,4,4,,,,,,,,https://try.taobao.com/report/view.htm?itemId=16084244&reportId=29370614
冬虫夏草,5,5,5,5,5,,,,,,,,https://try.taobao.com/report/view.htm?itemId=16084244&reportId=29170022
冬虫夏草,5,5,5,5,5,,,,,,,,https://try.taobao.com/report/view.htm?itemId=16084244&reportId=28828582
冬虫夏草,5,5,5,5,5,,,,,,,,https://try.taobao.com/report/view.htm?itemId=16084244&reportId=28548342
冬虫夏草,5,5,5,5,5,,,,,,,,https://try.taobao.com/report/view.htm?itemId=16084244&reportId=29214710
冬虫夏草,4.5,5,4,4,5,,,,,,,,https://try.taobao.com/report/view.htm?itemId=16084244&reportId=28982195
冬虫夏草,5,5,5,5,5,,,,,,,,https://try.taobao.com/report/view.htm?itemId=16084244&reportId=28962023
极草5x工艺冬虫夏草含片纯粉片,5,5,5,5,5,,,,,,,,https://try.taobao.com/report/view.htm?itemId=16072306&reportId=29732049
极草5x工艺冬虫夏草含片纯粉片,4.5,5,4,4,5,,,,,,,,https://try.taobao.com/report/view.htm?itemId=16072306&reportId=28236392
西藏那曲特级冬虫夏草4根1克,5,5,5,5,5,,,,,,,,https://try.taobao.com/report/view.htm?itemId=15346237&reportId=27902253
西藏那曲特级冬虫夏草4根1克,5,5,5,5,5,,,,,,,,https://try.taobao.com/report/view.htm?itemId=15346237&reportId=28030119
西藏那曲特级冬虫夏草4根1克,5,5,5,5,5,,,,,,,,https://try.taobao.com/report/view.htm?itemId=15346237&reportId=27824086
西藏那曲特级冬虫夏草4根1克,5,5,5,5,5,,,,,,,,https://try.taobao.com/report/view.htm?itemId=15346237&reportId=28248076
西藏那曲特级冬虫夏草4根1克,5,5,5,5,5,,,,,,,,https://try.taobao.com/report/view.htm?itemId=15346237&reportId=28070545
西藏那曲特级冬虫夏草4根1克,5,5,5,5,5,,,,,,,,https://try.taobao.com/report/view.htm?itemId=15346237&reportId=28018516
西藏那曲特级冬虫夏草4根1克,5,5,5,5,5,,,,,,,,https://try.taobao.com/report/view.htm?itemId=15346237&reportId=28184351
西藏那曲特级冬虫夏草4根1克,4.8,5,5,4,5,,,,,,,,https://try.taobao.com/report/view.htm?itemId=15346237&reportId=27828410
兰芙冬虫夏草提拉紧致V脸霜,5,,,,,,,,,,,,https://try.taobao.com/report/view.htm?itemId=15724056&reportId=27538685
兰芙冬虫夏草提拉紧致V脸霜,4.8,,,,,,,,,,,,https://try.taobao.com/report/view.htm?itemId=15724056&reportId=27968157
兰芙冬虫夏草提拉紧致V脸霜,5,,,,,,,,,,,,https://try.taobao.com/report/view.htm?itemId=15724056&reportId=28138021
兰芙冬虫夏草提拉紧致V脸霜,5,,,,,,,,,,,,https://try.taobao.com/report/view.htm?itemId=15724056&reportId=27704103
兰芙冬虫夏草提拉紧致V脸霜,5,,,,,,,,,,,,https://try.taobao.com/report/view.htm?itemId=15724056&reportId=27582060
兰芙冬虫夏草提拉紧致V脸霜,5,,,,,,,,,,,,https://try.taobao.com/report/view.htm?itemId=15724056&reportId=27938114
兰芙冬虫夏草提拉紧致V脸霜,5,,,,,,,,,,,,https://try.taobao.com/report/view.htm?itemId=15724056&reportId=27472339
兰芙冬虫夏草提拉紧致V脸霜,5,,,,,,,,,,,,https://try.taobao.com/report/view.htm?itemId=15724056&reportId=27452827
兰芙冬虫夏草提拉紧致V脸霜,5,,,,,,,,,,,,https://try.taobao.com/report/view.htm?itemId=15724056&reportId=27828949
兰芙冬虫夏草提拉紧致V脸霜,5,,,,,,,,,,,,https://try.taobao.com/report/view.htm?itemId=15724056&reportId=27840305
兰芙冬虫夏草提拉紧致V脸霜,5,,,,,,,,,,,,https://try.taobao.com/report/view.htm?itemId=15724056&reportId=27522503
兰芙冬虫夏草提拉紧致V脸霜,5,,,,,,,,,,,,https://try.taobao.com/report/view.htm?itemId=15724056&reportId=28096057
兰芙冬虫夏草提拉紧致V脸霜,4.8,,,,,,,,,,,,https://try.taobao.com/report/view.htm?itemId=15724056&reportId=27550673
兰芙冬虫夏草提拉紧致V脸霜,5,,,,,,,,,,,,https://try.taobao.com/report/view.htm?itemId=15724056&reportId=28012425
兰芙冬虫夏草提拉紧致V脸霜,5,,,,,,,,,,,,https://try.taobao.com/report/view.htm?itemId=15724056&reportId=27898038
兰芙冬虫夏草提拉紧致V脸霜,4.8,,,,,,,,,,,,https://try.taobao.com/report/view.htm?itemId=15724056&reportId=27952155
兰芙冬虫夏草提拉紧致V脸霜,4.8,,,,,,,,,,,,https://try.taobao.com/report/view.htm?itemId=15724056&reportId=27780774
兰芙冬虫夏草提拉紧致V脸霜,5,,,,,,,,,,,,https://try.taobao.com/report/view.htm?itemId=15724056&reportId=27880595
兰芙冬虫夏草提拉紧致V脸霜,5,,,,,,,,,,,,https://try.taobao.com/report/view.htm?itemId=15724056&reportId=27888505
兰芙冬虫夏草提拉紧致V脸霜,5,,,,,,,,,,,,https://try.taobao.com/report/view.htm?itemId=15724056&reportId=27592694
兰芙冬虫夏草提拉紧致V脸霜,5,,,,,,,,,,,,https://try.taobao.com/report/view.htm?itemId=15724056&reportId=27760463
冬虫夏草 1支试用装,5,5,5,5,5,,,,,,,,https://try.taobao.com/report/view.htm?itemId=14788178&reportId=27478187
冬虫夏草 1支试用装,4.3,5,4,4,4,,,,,,,,https://try.taobao.com/report/view.htm?itemId=14788178&reportId=27018620
冬虫夏草 1支试用装,5,5,5,5,5,,,,,,,,https://try.taobao.com/report/view.htm?itemId=14788178&reportId=27404948
冬虫夏草 1支试用装,3.8,4,3,3,5,,,,,,,,https://try.taobao.com/report/view.htm?itemId=14788178&reportId=27958314
冬虫夏草 1支试用装,5,5,5,5,5,,,,,,,,https://try.taobao.com/report/view.htm?itemId=14788178&reportId=27102052
冬虫夏草 1支试用装,3.8,3,3,4,5,,,,,,,,https://try.taobao.com/report/view.htm?itemId=14788178&reportId=27362093
冬虫夏草 1支试用装,5,5,5,5,5,,,,,,,,https://try.taobao.com/report/view.htm?itemId=14788178&reportId=27454849
冬虫夏草 1支试用装,5,5,5,5,5,,,,,,,,https://try.taobao.com/report/view.htm?itemId=14788178&reportId=27398648
冬虫夏草 1支试用装,5,5,5,5,5,,,,,,,,https://try.taobao.com/report/view.htm?itemId=14788178&reportId=27288565
冬虫夏草 1支试用装,5,5,5,5,5,,,,,,,,https://try.taobao.com/report/view.htm?itemId=14788178&reportId=27198458
冬虫夏草 1支试用装,5,5,5,5,5,,,,,,,,https://try.taobao.com/report/view.htm?itemId=14788178&reportId=27380333
冬虫夏草 1支试用装,4.8,5,5,4,5,,,,,,,,https://try.taobao.com/report/view.htm?itemId=14788178&reportId=27252158
冬虫夏草 1支试用装,5,5,5,5,5,,,,,,,,https://try.taobao.com/report/view.htm?itemId=14788178&reportId=27314694
冬虫夏草 1支试用装,5,5,5,5,5,,,,,,,,https://try.taobao.com/report/view.htm?itemId=14788178&reportId=27302066
冬虫夏草 1支试用装,5,5,5,5,5,,,,,,,,https://try.taobao.com/report/view.htm?itemId=14788178&reportId=27536606
冬虫夏草 1支试用装,5,5,5,5,5,,,,,,,,https://try.taobao.com/report/view.htm?itemId=14788178&reportId=27470086
冬虫夏草 1支试用装,1.8,1,1,1,4,,,,,,,,https://try.taobao.com/report/view.htm?itemId=14788178&reportId=27444615
冬虫夏草 1支试用装,5,5,5,5,5,,,,,,,,https://try.taobao.com/report/view.htm?itemId=14788178&reportId=27406271
冬虫夏草 1支试用装,4.8,5,5,4,5,,,,,,,,https://try.taobao.com/report/view.htm?itemId=14788178&reportId=27434146
冬虫夏草 1支试用装,4.8,5,4,5,5,,,,,,,,https://try.taobao.com/report/view.htm?itemId=14788178&reportId=27584375
冬虫夏草睡眠面膜抗衰老美白淡斑,4.8,5,,,,,,,,,,,https://try.taobao.com/report/view.htm?itemId=14408069&reportId=27040387
冬虫夏草睡眠面膜抗衰老美白淡斑,5,5,,,,,,,,,,,https://try.taobao.com/report/view.htm?itemId=14408069&reportId=26686444
冬虫夏草睡眠面膜抗衰老美白淡斑,5,5,,,,,,,,,,,https://try.taobao.com/report/view.htm?itemId=14408069&reportId=26802158
冬虫夏草睡眠面膜抗衰老美白淡斑,5,5,,,,,,,,,,,https://try.taobao.com/report/view.htm?itemId=14408069&reportId=26804925
冬虫夏草睡眠面膜抗衰老美白淡斑,5,5,,,,,,,,,,,https://try.taobao.com/report/view.htm?itemId=14408069&reportId=26502401
冬虫夏草睡眠面膜抗衰老美白淡斑,5,5,,,,,,,,,,,https://try.taobao.com/report/view.htm?itemId=14408069&reportId=26998396
冬虫夏草睡眠面膜抗衰老美白淡斑,5,5,,,,,,,,,,,https://try.taobao.com/report/view.htm?itemId=14408069&reportId=34978521
冬虫夏草睡眠面膜抗衰老美白淡斑,5,5,,,,,,,,,,,https://try.taobao.com/report/view.htm?itemId=14408069&reportId=27210442
冬虫夏草睡眠面膜抗衰老美白淡斑,5,5,,,,,,,,,,,https://try.taobao.com/report/view.htm?itemId=14408069&reportId=27490756
高海拨冬虫夏草 精选1条装,5,5,5,5,5,,,,,,,,https://try.taobao.com/report/view.htm?itemId=14288393&reportId=26800522
高海拨冬虫夏草 精选1条装,5,5,5,5,5,,,,,,,,https://try.taobao.com/report/view.htm?itemId=14288393&reportId=26134212
高海拨冬虫夏草 精选1条装,5,5,5,5,5,,,,,,,,https://try.taobao.com/report/view.htm?itemId=14288393&reportId=26556464
高海拨冬虫夏草 精选1条装,4.5,4,5,4,5,,,,,,,,https://try.taobao.com/report/view.htm?itemId=14288393&reportId=26328421
高海拨冬虫夏草 精选1条装,5,5,5,5,5,,,,,,,,https://try.taobao.com/report/view.htm?itemId=14288393&reportId=25934532
高海拨冬虫夏草 精选1条装,5,5,5,5,5,,,,,,,,https://try.taobao.com/report/view.htm?itemId=14288393&reportId=26426141
高海拨冬虫夏草 精选1条装,4.8,5,5,4,5,,,,,,,,https://try.taobao.com/report/view.htm?itemId=14288393&reportId=26530572
高海拨冬虫夏草 精选1条装,5,5,5,5,5,,,,,,,,https://try.taobao.com/report/view.htm?itemId=14288393&reportId=26142413
高海拨冬虫夏草 精选1条装,5,5,5,5,5,,,,,,,,https://try.taobao.com/report/view.htm?itemId=14288393&reportId=26194386
高海拨冬虫夏草 精选1条装,5,5,5,5,5,,,,,,,,https://try.taobao.com/report/view.htm?itemId=14288393&reportId=25870512
高海拨冬虫夏草 精选1条装,5,5,5,5,5,,,,,,,,https://try.taobao.com/report/view.htm?itemId=14288393&reportId=26798885
高海拨冬虫夏草 精选1条装,5,5,5,5,5,,,,,,,,https://try.taobao.com/report/view.htm?itemId=14288393&reportId=26496021
高海拨冬虫夏草 精选1条装,4.5,4,5,4,5,,,,,,,,https://try.taobao.com/report/view.htm?itemId=14288393&reportId=26650134
高海拨冬虫夏草 精选1条装,4.3,5,4,5,3,,,,,,,,https://try.taobao.com/report/view.htm?itemId=14288393&reportId=25882422
高海拨冬虫夏草 精选1条装,4.5,5,5,4,4,,,,,,,,https://try.taobao.com/report/view.htm?itemId=14288393&reportId=26446447
高海拨冬虫夏草 精选1条装,5,5,5,5,5,,,,,,,,https://try.taobao.com/report/view.htm?itemId=14288393&reportId=25866933
高海拨冬虫夏草 精选1条装,4.5,5,4,4,5,,,,,,,,https://try.taobao.com/report/view.htm?itemId=14288393&reportId=26966782
高海拨冬虫夏草 精选1条装,4.5,5,4,5,4,,,,,,,,https://try.taobao.com/report/view.htm?itemId=14288393&reportId=25906206
高海拨冬虫夏草 精选1条装,5,5,5,5,5,,,,,,,,https://try.taobao.com/report/view.htm?itemId=14288393&reportId=26306807
高海拨冬虫夏草 精选1条装,3.5,4,4,3,3,,,,,,,,https://try.taobao.com/report/view.htm?itemId=14288393&reportId=26420855
高海拨冬虫夏草 精选1条装,5,5,5,5,5,,,,,,,,https://try.taobao.com/report/view.htm?itemId=14288393&reportId=25936149
高海拨冬虫夏草 精选1条装,4,4,4,4,4,,,,,,,,https://try.taobao.com/report/view.htm?itemId=14288393&reportId=26034174
高海拨冬虫夏草 精选1条装,5,5,5,5,5,,,,,,,,https://try.taobao.com/report/view.htm?itemId=14288393&reportId=26528383
高海拨冬虫夏草 精选1条装,5,5,5,5,5,,,,,,,,https://try.taobao.com/report/view.htm?itemId=14288393&reportId=26372121
高海拨冬虫夏草 精选1条装,5,5,5,5,5,,,,,,,,https://try.taobao.com/report/view.htm?itemId=14288393&reportId=25906177
高海拨冬虫夏草 精选1条装,5,5,5,5,5,,,,,,,,https://try.taobao.com/report/view.htm?itemId=14288393&reportId=26528253
高海拨冬虫夏草 精选1条装,5,5,5,5,5,,,,,,,,https://try.taobao.com/report/view.htm?itemId=14288393&reportId=26176039
高海拨冬虫夏草 精选1条装,5,5,5,5,5,,,,,,,,https://try.taobao.com/report/view.htm?itemId=14288393&reportId=26558168
高海拨冬虫夏草 精选1条装,5,5,5,5,5,,,,,,,,https://try.taobao.com/report/view.htm?itemId=14288393&reportId=25926137
高海拨冬虫夏草 精选1条装,5,5,5,5,5,,,,,,,,https://try.taobao.com/report/view.htm?itemId=14288393&reportId=25922741
高海拨冬虫夏草 精选1条装,5,5,5,5,5,,,,,,,,https://try.taobao.com/report/view.htm?itemId=14288393&reportId=26130009
高海拨冬虫夏草 精选1条装,5,5,5,5,5,,,,,,,,https://try.taobao.com/report/view.htm?itemId=14288393&reportId=25944005
高海拨冬虫夏草 精选1条装,3.8,4,3,4,4,,,,,,,,https://try.taobao.com/report/view.htm?itemId=14288393&reportId=26338147
高海拨冬虫夏草 精选1条装,5,5,5,5,5,,,,,,,,https://try.taobao.com/report/view.htm?itemId=14288393&reportId=26290031
高海拨冬虫夏草 精选1条装,5,5,5,5,5,,,,,,,,https://try.taobao.com/report/view.htm?itemId=14288393&reportId=26258952
高海拨冬虫夏草 精选1条装,5,5,5,5,5,,,,,,,,https://try.taobao.com/report/view.htm?itemId=14288393&reportId=26040461
高海拨冬虫夏草 精选1条装,5,5,5,5,5,,,,,,,,https://try.taobao.com/report/view.htm?itemId=14288393&reportId=26250005
高海拨冬虫夏草 精选1条装,5,5,5,5,5,,,,,,,,https://try.taobao.com/report/view.htm?itemId=14288393&reportId=25944137
高海拨冬虫夏草 精选1条装,5,5,5,5,5,,,,,,,,https://try.taobao.com/report/view.htm?itemId=14288393&reportId=26318821
高海拨冬虫夏草 精选1条装,5,5,5,5,5,,,,,,,,https://try.taobao.com/report/view.htm?itemId=14288393&reportId=26246186
高海拨冬虫夏草 精选1条装,5,5,5,5,5,,,,,,,,https://try.taobao.com/report/view.htm?itemId=14288393&reportId=25878334
高海拨冬虫夏草 精选1条装,5,5,5,5,5,,,,,,,,https://try.taobao.com/report/view.htm?itemId=14288393&reportId=26172678
高海拨冬虫夏草 精选1条装,4.8,5,5,5,4,,,,,,,,https://try.taobao.com/report/view.htm?itemId=14288393&reportId=26382087
高海拨冬虫夏草 精选1条装,5,5,5,5,5,,,,,,,,https://try.taobao.com/report/view.htm?itemId=14288393&reportId=25926063
高海拨冬虫夏草 精选1条装,4.5,4,5,4,5,,,,,,,,https://try.taobao.com/report/view.htm?itemId=14288393&reportId=26498376
西藏冬虫夏草 1条试用装,5,5,5,5,5,,,,,,,,https://try.taobao.com/report/view.htm?itemId=13264128&reportId=24112038
西藏冬虫夏草 1条试用装,5,5,5,5,5,,,,,,,,https://try.taobao.com/report/view.htm?itemId=13264128&reportId=24144264
西藏冬虫夏草 1条试用装,5,5,5,5,5,,,,,,,,https://try.taobao.com/report/view.htm?itemId=13264128&reportId=23990270
西藏冬虫夏草 1条试用装,5,5,5,5,5,,,,,,,,https://try.taobao.com/report/view.htm?itemId=13264128&reportId=24432775
西藏冬虫夏草 1条试用装,5,5,5,5,5,,,,,,,,https://try.taobao.com/report/view.htm?itemId=13264128&reportId=24506428
西藏冬虫夏草 1条试用装,5,5,5,5,5,,,,,,,,https://try.taobao.com/report/view.htm?itemId=13264128&reportId=24400346
西藏冬虫夏草 1条试用装,5,5,5,5,5,,,,,,,,https://try.taobao.com/report/view.htm?itemId=13264128&reportId=24586039
西藏冬虫夏草 1条试用装,4,4,4,4,4,,,,,,,,https://try.taobao.com/report/view.htm?itemId=13264128&reportId=24422141
西藏冬虫夏草 1条试用装,5,5,5,5,5,,,,,,,,https://try.taobao.com/report/view.htm?itemId=13264128&reportId=24230314
西藏冬虫夏草 1条试用装,5,5,5,5,5,,,,,,,,https://try.taobao.com/report/view.htm?itemId=13264128&reportId=24064444
西藏冬虫夏草 1条试用装,4,4,4,4,4,,,,,,,,https://try.taobao.com/report/view.htm?itemId=13264128&reportId=24482440
西藏冬虫夏草 1条试用装,5,5,5,5,5,,,,,,,,https://try.taobao.com/report/view.htm?itemId=13264128&reportId=24058357
西藏冬虫夏草 1条试用装,5,5,5,5,5,,,,,,,,https://try.taobao.com/report/view.htm?itemId=13264128&reportId=24198974
西藏冬虫夏草 1条试用装,5,5,5,5,5,,,,,,,,https://try.taobao.com/report/view.htm?itemId=13264128&reportId=24348283
西藏冬虫夏草 1条试用装,4,4,4,4,4,,,,,,,,https://try.taobao.com/report/view.htm?itemId=13264128&reportId=24478156
西藏冬虫夏草 1条试用装,5,5,5,5,5,,,,,,,,https://try.taobao.com/report/view.htm?itemId=13264128&reportId=24404600
西藏冬虫夏草 1条试用装,5,5,5,5,5,,,,,,,,https://try.taobao.com/report/view.htm?itemId=13264128&reportId=24874148
西藏冬虫夏草 1条试用装,3.8,4,4,4,3,,,,,,,,https://try.taobao.com/report/view.htm?itemId=13264128&reportId=24188949
西藏冬虫夏草 1条试用装,5,5,5,5,5,,,,,,,,https://try.taobao.com/report/view.htm?itemId=13264128&reportId=24410760
西藏冬虫夏草 1条试用装,5,5,5,5,5,,,,,,,,https://try.taobao.com/report/view.htm?itemId=13264128&reportId=24198041
西藏冬虫夏草 1条试用装,5,5,5,5,5,,,,,,,,https://try.taobao.com/report/view.htm?itemId=13264128&reportId=24290704
西藏冬虫夏草 1条试用装,5,5,5,5,5,,,,,,,,https://try.taobao.com/report/view.htm?itemId=13264128&reportId=24470121
西藏冬虫夏草 1条试用装,5,5,5,5,5,,,,,,,,https://try.taobao.com/report/view.htm?itemId=13264128&reportId=24282277
西藏冬虫夏草 1条试用装,5,5,5,5,5,,,,,,,,https://try.taobao.com/report/view.htm?itemId=13264128&reportId=24410875
西藏冬虫夏草 1条试用装,5,5,5,5,5,,,,,,,,https://try.taobao.com/report/view.htm?itemId=13264128&reportId=24508034
西藏冬虫夏草 1条试用装,4.5,5,4,4,5,,,,,,,,https://try.taobao.com/report/view.htm?itemId=13264128&reportId=24192515
西藏冬虫夏草 1条试用装,5,5,5,5,5,,,,,,,,https://try.taobao.com/report/view.htm?itemId=13264128&reportId=24406079
西藏冬虫夏草 1条试用装,4.8,5,5,5,4,,,,,,,,https://try.taobao.com/report/view.htm?itemId=13264128&reportId=24296188
西藏冬虫夏草 1条试用装,5,5,5,5,5,,,,,,,,https://try.taobao.com/report/view.htm?itemId=13264128&reportId=24222222
冬虫夏草2014年新货产地直供,5,5,5,5,5,,,,,,,,https://try.taobao.com/report/view.htm?itemId=13180864&reportId=24440565
冬虫夏草2014年新货产地直供,4.8,5,5,5,4,,,,,,,,https://try.taobao.com/report/view.htm?itemId=13180864&reportId=24146449
冬虫夏草2014年新货产地直供,5,5,5,5,5,,,,,,,,https://try.taobao.com/report/view.htm?itemId=13180864&reportId=24192348
冬虫夏草2014年新货产地直供,4.8,5,5,5,4,,,,,,,,https://try.taobao.com/report/view.htm?itemId=13180864&reportId=24492884
正品野生特级冬虫夏草1条试用装,5,5,5,5,5,,,,,,,,https://try.taobao.com/report/view.htm?itemId=13196401&reportId=24328490
正品野生特级冬虫夏草1条试用装,5,5,5,5,5,,,,,,,,https://try.taobao.com/report/view.htm?itemId=13196401&reportId=23858052
正品野生特级冬虫夏草1条试用装,5,5,5,5,5,,,,,,,,https://try.taobao.com/report/view.htm?itemId=13196401&reportId=24260448
正品野生特级冬虫夏草1条试用装,4,4,5,4,3,,,,,,,,https://try.taobao.com/report/view.htm?itemId=13196401&reportId=24142752
正品野生特级冬虫夏草1条试用装,4.5,4,4,5,5,,,,,,,,https://try.taobao.com/report/view.htm?itemId=13196401&reportId=24114158
正品野生特级冬虫夏草1条试用装,5,5,5,5,5,,,,,,,,https://try.taobao.com/report/view.htm?itemId=13196401&reportId=24666212
正品野生特级冬虫夏草1条试用装,5,5,5,5,5,,,,,,,,https://try.taobao.com/report/view.htm?itemId=13196401&reportId=24020558
正品野生特级冬虫夏草1条试用装,5,5,5,5,5,,,,,,,,https://try.taobao.com/report/view.htm?itemId=13196401&reportId=24142920
正品野生特级冬虫夏草1条试用装,5,5,5,5,5,,,,,,,,https://try.taobao.com/report/view.htm?itemId=13196401&reportId=24068025
正品野生特级冬虫夏草1条试用装,5,5,5,5,5,,,,,,,,https://try.taobao.com/report/view.htm?itemId=13196401&reportId=24002570
正品野生特级冬虫夏草1条试用装,4.8,5,5,4,5,,,,,,,,https://try.taobao.com/report/view.htm?itemId=13196401&reportId=23856628
正品野生特级冬虫夏草1条试用装,5,5,5,5,5,,,,,,,,https://try.taobao.com/report/view.htm?itemId=13196401&reportId=24278165
正品野生特级冬虫夏草1条试用装,3.5,3,4,4,3,,,,,,,,https://try.taobao.com/report/view.htm?itemId=13196401&reportId=23870250
正品野生特级冬虫夏草1条试用装,5,5,5,5,5,,,,,,,,https://try.taobao.com/report/view.htm?itemId=13196401&reportId=24032035
正品野生特级冬虫夏草1条试用装,5,5,5,5,5,,,,,,,,https://try.taobao.com/report/view.htm?itemId=13196401&reportId=24234095
正品野生特级冬虫夏草1条试用装,5,5,5,5,5,,,,,,,,https://try.taobao.com/report/view.htm?itemId=13196401&reportId=24118095
正品野生特级冬虫夏草1条试用装,5,5,5,5,5,,,,,,,,https://try.taobao.com/report/view.htm?itemId=13196401&reportId=24218621
正品野生特级冬虫夏草1条试用装,4.3,4,4,4,5,,,,,,,,https://try.taobao.com/report/view.htm?itemId=13196401&reportId=24014057
正品野生特级冬虫夏草1条试用装,5,5,5,5,5,,,,,,,,https://try.taobao.com/report/view.htm?itemId=13196401&reportId=24190470
四川特级冬虫夏草 1条装,4,4,4,4,4,,,,,,,,https://try.taobao.com/report/view.htm?itemId=12388252&reportId=23052211
四川特级冬虫夏草 1条装,5,5,5,5,5,,,,,,,,https://try.taobao.com/report/view.htm?itemId=12388252&reportId=22886462
四川特级冬虫夏草 1条装,5,5,5,5,5,,,,,,,,https://try.taobao.com/report/view.htm?itemId=12388252&reportId=22654002
四川特级冬虫夏草 1条装,5,5,5,5,5,,,,,,,,https://try.taobao.com/report/view.htm?itemId=12388252&reportId=22548559
四川特级冬虫夏草 1条装,4.8,5,4,5,5,,,,,,,,https://try.taobao.com/report/view.htm?itemId=12388252&reportId=22202883
四川特级冬虫夏草 1条装,5,5,5,5,5,,,,,,,,https://try.taobao.com/report/view.htm?itemId=12388252&reportId=22758949
四川特级冬虫夏草 1条装,5,5,5,5,5,,,,,,,,https://try.taobao.com/report/view.htm?itemId=12388252&reportId=22610512
四川特级冬虫夏草 1条装,4.8,5,5,4,5,,,,,,,,https://try.taobao.com/report/view.htm?itemId=12388252&reportId=22264585
四川特级冬虫夏草 1条装,5,5,5,5,5,,,,,,,,https://try.taobao.com/report/view.htm?itemId=12388252&reportId=22730282
四川特级冬虫夏草 1条装,5,5,5,5,5,,,,,,,,https://try.taobao.com/report/view.htm?itemId=12388252&reportId=22838775
四川特级冬虫夏草 1条装,5,5,5,5,5,,,,,,,,https://try.taobao.com/report/view.htm?itemId=12388252&reportId=23442597
四川特级冬虫夏草 1条装,5,5,5,5,5,,,,,,,,https://try.taobao.com/report/view.htm?itemId=12388252&reportId=22186759
四川特级冬虫夏草 1条装,5,5,5,5,5,,,,,,,,https://try.taobao.com/report/view.htm?itemId=12388252&reportId=22830687
四川特级冬虫夏草 1条装,5,5,5,5,5,,,,,,,,https://try.taobao.com/report/view.htm?itemId=12388252&reportId=22268321
四川特级冬虫夏草 1条装,4.5,5,5,4,4,,,,,,,,https://try.taobao.com/report/view.htm?itemId=12388252&reportId=22200140
四川特级冬虫夏草 1条装,5,5,5,5,5,,,,,,,,https://try.taobao.com/report/view.htm?itemId=12388252&reportId=22178949
四川特级冬虫夏草 1条装,5,5,5,5,5,,,,,,,,https://try.taobao.com/report/view.htm?itemId=12388252&reportId=22118320
四川特级冬虫夏草 1条装,4.8,5,5,4,5,,,,,,,,https://try.taobao.com/report/view.htm?itemId=12388252&reportId=22352225
四川特级冬虫夏草 1条装,5,5,5,5,5,,,,,,,,https://try.taobao.com/report/view.htm?itemId=12388252&reportId=22778859
高海拔精选冬虫夏草 1条装,5,5,5,5,5,,,,,,,,https://try.taobao.com/report/view.htm?itemId=12274907&reportId=22176811
高海拔精选冬虫夏草 1条装,5,5,5,5,5,,,,,,,,https://try.taobao.com/report/view.htm?itemId=12274907&reportId=22928567
高海拔精选冬虫夏草 1条装,4,3,4,4,5,,,,,,,,https://try.taobao.com/report/view.htm?itemId=12274907&reportId=22114444
高海拔精选冬虫夏草 1条装,5,5,5,5,5,,,,,,,,https://try.taobao.com/report/view.htm?itemId=12274907&reportId=22656049
高海拔精选冬虫夏草 1条装,5,5,5,5,5,,,,,,,,https://try.taobao.com/report/view.htm?itemId=12274907&reportId=22402593
高海拔精选冬虫夏草 1条装,5,5,5,5,5,,,,,,,,https://try.taobao.com/report/view.htm?itemId=12274907&reportId=22516986
高海拔精选冬虫夏草 1条装,5,5,5,5,5,,,,,,,,https://try.taobao.com/report/view.htm?itemId=12274907&reportId=22292290
高海拔精选冬虫夏草 1条装,5,5,5,5,5,,,,,,,,https://try.taobao.com/report/view.htm?itemId=12274907&reportId=22054575
高海拔精选冬虫夏草 1条装,4.8,5,5,4,5,,,,,,,,https://try.taobao.com/report/view.htm?itemId=12274907&reportId=22560673
高海拔精选冬虫夏草 1条装,5,5,5,5,5,,,,,,,,https://try.taobao.com/report/view.htm?itemId=12274907&reportId=22334874
高海拔精选冬虫夏草 1条装,5,5,5,5,5,,,,,,,,https://try.taobao.com/report/view.htm?itemId=12274907&reportId=22552623
高海拔精选冬虫夏草 1条装,5,5,5,5,5,,,,,,,,https://try.taobao.com/report/view.htm?itemId=12274907&reportId=22306887
高海拔精选冬虫夏草 1条装,4.8,5,5,5,4,,,,,,,,https://try.taobao.com/report/view.htm?itemId=12274907&reportId=22786343
高海拔精选冬虫夏草 1条装,5,5,5,5,5,,,,,,,,https://try.taobao.com/report/view.htm?itemId=12274907&reportId=22424755
高海拔精选冬虫夏草 1条装,4,3,4,4,5,,,,,,,,https://try.taobao.com/report/view.htm?itemId=12274907&reportId=22442611
高海拔精选冬虫夏草 1条装,5,5,5,5,5,,,,,,,,https://try.taobao.com/report/view.htm?itemId=12274907&reportId=22050856
高海拔精选冬虫夏草 1条装,5,5,5,5,5,,,,,,,,https://try.taobao.com/report/view.htm?itemId=12274907&reportId=22190165
高海拔精选冬虫夏草 1条装,4.5,4,4,5,5,,,,,,,,https://try.taobao.com/report/view.htm?itemId=12274907&reportId=22524606
高海拔精选冬虫夏草 1条装,5,5,5,5,5,,,,,,,,https://try.taobao.com/report/view.htm?itemId=12274907&reportId=22472455
高海拔精选冬虫夏草 1条装,5,5,5,5,5,,,,,,,,https://try.taobao.com/report/view.htm?itemId=12274907&reportId=22152268
高海拔精选冬虫夏草 1条装,4.8,4,5,5,5,,,,,,,,https://try.taobao.com/report/view.htm?itemId=12274907&reportId=22210294
高海拔精选冬虫夏草 1条装,5,5,5,5,5,,,,,,,,https://try.taobao.com/report/view.htm?itemId=12274907&reportId=22444475
高海拔精选冬虫夏草 1条装,5,5,5,5,5,,,,,,,,https://try.taobao.com/report/view.htm?itemId=12274907&reportId=22554523
高海拔精选冬虫夏草 1条装,5,5,5,5,5,,,,,,,,https://try.taobao.com/report/view.htm?itemId=12274907&reportId=22372740
高海拔精选冬虫夏草 1条装,5,5,5,5,5,,,,,,,,https://try.taobao.com/report/view.htm?itemId=12274907&reportId=22084244
高海拔精选冬虫夏草 1条装,5,5,5,5,5,,,,,,,,https://try.taobao.com/report/view.htm?itemId=12274907&reportId=22254280
高海拔精选冬虫夏草 1条装,5,5,5,5,5,,,,,,,,https://try.taobao.com/report/view.htm?itemId=12274907&reportId=24718453
高海拔精选冬虫夏草 1条装,5,5,5,5,5,,,,,,,,https://try.taobao.com/report/view.htm?itemId=12274907&reportId=22880482
高海拔精选冬虫夏草 1条装,5,5,5,5,5,,,,,,,,https://try.taobao.com/report/view.htm?itemId=12274907&reportId=22850182
高海拔精选冬虫夏草 1条装,4.8,5,5,4,5,,,,,,,,https://try.taobao.com/report/view.htm?itemId=12274907&reportId=22546495
高海拔精选冬虫夏草 1条装,4.5,5,4,4,5,,,,,,,,https://try.taobao.com/report/view.htm?itemId=12274907&reportId=22202731
高海拔精选冬虫夏草 1条装,4.5,5,4,4,5,,,,,,,,https://try.taobao.com/report/view.htm?itemId=12274907&reportId=22134100
高海拔精选冬虫夏草 1条装,5,5,5,5,5,,,,,,,,https://try.taobao.com/report/view.htm?itemId=12274907&reportId=22888348
高海拔精选冬虫夏草 1条装,5,5,5,5,5,,,,,,,,https://try.taobao.com/report/view.htm?itemId=12274907&reportId=21986250
高海拔精选冬虫夏草 1条装,5,5,5,5,5,,,,,,,,https://try.taobao.com/report/view.htm?itemId=12274907&reportId=22244343
高海拔精选冬虫夏草 1条装,3.8,4,4,4,3,,,,,,,,https://try.taobao.com/report/view.htm?itemId=12274907&reportId=22576042
高海拔精选冬虫夏草 1条装,5,5,5,5,5,,,,,,,,https://try.taobao.com/report/view.htm?itemId=12274907&reportId=24528695
高海拔精选冬虫夏草 1条装,5,5,5,5,5,,,,,,,,https://try.taobao.com/report/view.htm?itemId=12274907&reportId=22056544
高海拔精选冬虫夏草 1条装,4.3,4,4,4,5,,,,,,,,https://try.taobao.com/report/view.htm?itemId=12274907&reportId=22308616
高海拔精选冬虫夏草 1条装,4.5,5,4,5,4,,,,,,,,https://try.taobao.com/report/view.htm?itemId=12274907&reportId=22288245
高海拔精选冬虫夏草 1条装,4.5,5,4,4,5,,,,,,,,https://try.taobao.com/report/view.htm?itemId=12274907&reportId=22786383
高海拔精选冬虫夏草 1条装,5,5,5,5,5,,,,,,,,https://try.taobao.com/report/view.htm?itemId=12274907&reportId=22700739
高海拔精选冬虫夏草 1条装,5,5,5,5,5,,,,,,,,https://try.taobao.com/report/view.htm?itemId=12274907&reportId=22310823
金韩青海特级冬虫夏草4条/克,5,5,5,5,5,,,,,,,,https://try.taobao.com/report/view.htm?itemId=11954078&reportId=22466372
金韩青海特级冬虫夏草4条/克,3.5,3,4,3,4,,,,,,,,https://try.taobao.com/report/view.htm?itemId=11954078&reportId=21724377
金韩青海特级冬虫夏草4条/克,5,5,5,5,5,,,,,,,,https://try.taobao.com/report/view.htm?itemId=11954078&reportId=21360249
金韩青海特级冬虫夏草4条/克,5,5,5,5,5,,,,,,,,https://try.taobao.com/report/view.htm?itemId=11954078&reportId=21500144
金韩青海特级冬虫夏草4条/克,5,5,5,5,5,,,,,,,,https://try.taobao.com/report/view.htm?itemId=11954078&reportId=21394188
金韩青海特级冬虫夏草4条/克,5,5,5,5,5,,,,,,,,https://try.taobao.com/report/view.htm?itemId=11954078&reportId=21440926
金韩青海特级冬虫夏草4条/克,4,5,4,4,3,,,,,,,,https://try.taobao.com/report/view.htm?itemId=11954078&reportId=21702291
金韩青海特级冬虫夏草4条/克,4.5,5,4,4,5,,,,,,,,https://try.taobao.com/report/view.htm?itemId=11954078&reportId=21386024
金韩青海特级冬虫夏草4条/克,5,5,5,5,5,,,,,,,,https://try.taobao.com/report/view.htm?itemId=11954078&reportId=21786177
藏雪玛冬虫夏草胶囊 提高免疫力,5,,,,,,,,,,,,https://try.taobao.com/report/view.htm?itemId=9166010&reportId=16870964
藏雪玛冬虫夏草胶囊 提高免疫力,5,,,,,,,,,,,,https://try.taobao.com/report/view.htm?itemId=9166010&reportId=15930634
藏雪玛冬虫夏草胶囊 提高免疫力,4,,,,,,,,,,,,https://try.taobao.com/report/view.htm?itemId=9166010&reportId=15284090
藏雪玛冬虫夏草胶囊 提高免疫力,5,,,,,,,,,,,,https://try.taobao.com/report/view.htm?itemId=9166010&reportId=15952949
藏雪玛冬虫夏草胶囊 提高免疫力,5,,,,,,,,,,,,https://try.taobao.com/report/view.htm?itemId=9166010&reportId=15620327
冬虫夏草 泡足片,5,5,,,5,,,,,,,,https://try.taobao.com/report/view.htm?itemId=8578149&reportId=15976048
冬虫夏草 泡足片,5,5,,,5,,,,,,,,https://try.taobao.com/report/view.htm?itemId=8578149&reportId=15254141
冬虫夏草 泡足片,5,5,,,5,,,,,,,,https://try.taobao.com/report/view.htm?itemId=8578149&reportId=17370183
冬虫夏草 泡足片,5,5,,,5,,,,,,,,https://try.taobao.com/report/view.htm?itemId=8578149&reportId=16474352
冬虫夏草 泡足片,5,5,,,5,,,,,,,,https://try.taobao.com/report/view.htm?itemId=8578149&reportId=17428437
冬虫夏草 泡足片,5,5,,,5,,,,,,,,https://try.taobao.com/report/view.htm?itemId=8578149&reportId=15204967
冬虫夏草 泡足片,3.5,4,,,3,,,,,,,,https://try.taobao.com/report/view.htm?itemId=8578149&reportId=17266792
冬虫夏草 泡足片,5,5,,,5,,,,,,,,https://try.taobao.com/report/view.htm?itemId=8578149&reportId=17436543
藏雪玛冬虫夏草胶囊,5,5,5,5,5,,,,,,,,https://try.taobao.com/report/view.htm?itemId=8620060&reportId=17148110
藏雪玛冬虫夏草胶囊,5,5,5,5,5,,,,,,,,https://try.taobao.com/report/view.htm?itemId=8620060&reportId=17140709
久保龄正品人工北冬虫夏草,5,,,,,,,,,,,,https://try.taobao.com/report/view.htm?itemId=8252098&reportId=16662731
久保龄正品人工北冬虫夏草,5,,,,,,,,,,,,https://try.taobao.com/report/view.htm?itemId=8252098&reportId=16898331
久保龄正品人工北冬虫夏草,4.8,,,,,,,,,,,,https://try.taobao.com/report/view.htm?itemId=8252098&reportId=17080018
久保龄正品人工北冬虫夏草,4.4,,,,,,,,,,,,https://try.taobao.com/report/view.htm?itemId=8252098&reportId=17048418
久保龄正品人工北冬虫夏草,5,,,,,,,,,,,,https://try.taobao.com/report/view.htm?itemId=8252098&reportId=17110323
久保龄正品人工北冬虫夏草,5,,,,,,,,,,,,https://try.taobao.com/report/view.htm?itemId=8252098&reportId=16994457
冬虫夏草 泡足片,5,5,,,5,,,,,,,,https://try.taobao.com/report/view.htm?itemId=7882535&reportId=15940314
冬虫夏草 泡足片,5,5,,,5,,,,,,,,https://try.taobao.com/report/view.htm?itemId=7882535&reportId=15164934
冬虫夏草 泡足片,4.8,5,,,5,,,,,,,,https://try.taobao.com/report/view.htm?itemId=7882535&reportId=15830337
冬虫夏草 泡足片,4.8,4,,,5,,,,,,,,https://try.taobao.com/report/view.htm?itemId=7882535&reportId=16456715
新鲜冬虫夏草全菌型玉树冬虫夏草,5,5,5,5,5,,,,,,,,https://try.taobao.com/report/view.htm?itemId=7834391&reportId=17326183
新鲜冬虫夏草全菌型玉树冬虫夏草,1,1,1,1,1,,,,,,,,https://try.taobao.com/report/view.htm?itemId=7834391&reportId=16534691
新鲜冬虫夏草全菌型玉树冬虫夏草,1.8,1,1,1,4,,,,,,,,https://try.taobao.com/report/view.htm?itemId=7834391&reportId=16992509
新鲜冬虫夏草全菌型玉树冬虫夏草,4.3,4,4,4,5,,,,,,,,https://try.taobao.com/report/view.htm?itemId=7834391&reportId=17304718
藏雪玛冬虫夏草胶囊 24粒试用,4.6,,,,,,,,,,,,https://try.taobao.com/report/view.htm?itemId=6223769&reportId=11276924
藏雪玛冬虫夏草胶囊 24粒试用,5,,,,,,,,,,,,https://try.taobao.com/report/view.htm?itemId=6223769&reportId=11414632
藏雪玛冬虫夏草胶囊 24粒试用,5,,,,,,,,,,,,https://try.taobao.com/report/view.htm?itemId=6223769&reportId=10989520
藏雪玛冬虫夏草胶囊 24粒试用,5,,,,,,,,,,,,https://try.taobao.com/report/view.htm?itemId=6223769&reportId=11005645
藏雪玛冬虫夏草胶囊 24粒试用,5,,,,,,,,,,,,https://try.taobao.com/report/view.htm?itemId=6223769&reportId=11722386
藏雪玛冬虫夏草胶囊 24粒试用,5,,,,,,,,,,,,https://try.taobao.com/report/view.htm?itemId=6223769&reportId=11004515
藏雪玛冬虫夏草胶囊 24粒试用,5,,,,,,,,,,,,https://try.taobao.com/report/view.htm?itemId=6223769&reportId=11278287
藏雪玛冬虫夏草胶囊 24粒试用,4.4,,,,,,,,,,,,https://try.taobao.com/report/view.htm?itemId=6223769&reportId=11666738
藏雪玛冬虫夏草胶囊 24粒试用,5,,,,,,,,,,,,https://try.taobao.com/report/view.htm?itemId=6223769&reportId=11696563
藏雪玛冬虫夏草胶囊 24粒试用,2.8,,,,,,,,,,,,https://try.taobao.com/report/view.htm?itemId=6223769&reportId=11234559
藏雪玛冬虫夏草胶囊 24粒试用,4.8,,,,,,,,,,,,https://try.taobao.com/report/view.htm?itemId=6223769&reportId=11654307
藏雪玛冬虫夏草胶囊 24粒试用,5,,,,,,,,,,,,https://try.taobao.com/report/view.htm?itemId=6223769&reportId=11334062
藏雪玛冬虫夏草胶囊 24粒试用,5,,,,,,,,,,,,https://try.taobao.com/report/view.htm?itemId=6223769&reportId=11752118
藏雪玛冬虫夏草胶囊 24粒试用,5,,,,,,,,,,,,https://try.taobao.com/report/view.htm?itemId=6223769&reportId=11154200
藏雪玛冬虫夏草胶囊 24粒试用,5,,,,,,,,,,,,https://try.taobao.com/report/view.htm?itemId=6223769&reportId=11236273
藏雪玛冬虫夏草胶囊 24粒试用,5,,,,,,,,,,,,https://try.taobao.com/report/view.htm?itemId=6223769&reportId=11044465
藏雪玛冬虫夏草胶囊 24粒试用,5,,,,,,,,,,,,https://try.taobao.com/report/view.htm?itemId=6223769&reportId=11080101
藏雪玛冬虫夏草胶囊 24粒试用,5,,,,,,,,,,,,https://try.taobao.com/report/view.htm?itemId=6223769&reportId=11742713
藏雪玛冬虫夏草胶囊 24粒试用,5,,,,,,,,,,,,https://try.taobao.com/report/view.htm?itemId=6223769&reportId=11172018
藏雪玛冬虫夏草胶囊 24粒试用,5,,,,,,,,,,,,https://try.taobao.com/report/view.htm?itemId=6223769&reportId=10988314
藏雪玛冬虫夏草胶囊 24粒试用,5,,,,,,,,,,,,https://try.taobao.com/report/view.htm?itemId=6223769&reportId=11756110
藏雪玛冬虫夏草胶囊 24粒试用,5,,,,,,,,,,,,https://try.taobao.com/report/view.htm?itemId=6223769&reportId=11070375
藏雪玛冬虫夏草胶囊 24粒试用,5,,,,,,,,,,,,https://try.taobao.com/report/view.htm?itemId=6223769&reportId=10999730
上上 冬虫夏草 3条/克 1g,5,5,5,5,5,,,,,,,,https://try.taobao.com/report/view.htm?itemId=5847744&reportId=10775052
上上 冬虫夏草 3条/克 1g,5,5,5,5,5,,,,,,,,https://try.taobao.com/report/view.htm?itemId=5847744&reportId=10329536
上上 冬虫夏草 3条/克 1g,5,5,5,5,5,,,,,,,,https://try.taobao.com/report/view.htm?itemId=5847744&reportId=10753235
上上 冬虫夏草 3条/克 1g,5,5,5,5,5,,,,,,,,https://try.taobao.com/report/view.htm?itemId=5847744&reportId=10388005
上上 冬虫夏草 3条/克 1g,5,5,5,5,5,,,,,,,,https://try.taobao.com/report/view.htm?itemId=5847744&reportId=10884958
上上 冬虫夏草 3条/克 1g,5,5,5,5,5,,,,,,,,https://try.taobao.com/report/view.htm?itemId=5847744&reportId=10328436
上上 冬虫夏草 3条/克 1g,5,5,5,5,5,,,,,,,,https://try.taobao.com/report/view.htm?itemId=5847744&reportId=10396637
上上 冬虫夏草 3条/克 1g,5,5,5,5,5,,,,,,,,https://try.taobao.com/report/view.htm?itemId=5847744&reportId=10405042
上上 冬虫夏草 3条/克 1g,5,5,5,5,5,,,,,,,,https://try.taobao.com/report/view.htm?itemId=5847744&reportId=10788301
上上 冬虫夏草 3条/克 1g,5,5,5,5,5,,,,,,,,https://try.taobao.com/report/view.htm?itemId=5847744&reportId=10316692
上上 冬虫夏草 3条/克 1g,5,5,5,5,5,,,,,,,,https://try.taobao.com/report/view.htm?itemId=5847744&reportId=10369217
上上 冬虫夏草 3条/克 1g,5,5,5,5,5,,,,,,,,https://try.taobao.com/report/view.htm?itemId=5847744&reportId=10347086
上上 冬虫夏草 3条/克 1g,5,5,5,5,5,,,,,,,,https://try.taobao.com/report/view.htm?itemId=5847744&reportId=10374095
上上 冬虫夏草 3条/克 1g,5,5,5,5,5,,,,,,,,https://try.taobao.com/report/view.htm?itemId=5847744&reportId=11112179
上上 冬虫夏草 3条/克 1g,5,5,5,5,5,,,,,,,,https://try.taobao.com/report/view.htm?itemId=5847744&reportId=10406849
西藏新虫草 极品那曲冬虫夏草,4.5,3,5,5,5,,,,,,,,https://try.taobao.com/report/view.htm?itemId=5738666&reportId=10342096
西藏新虫草 极品那曲冬虫夏草,3.3,2,3,3,5,,,,,,,,https://try.taobao.com/report/view.htm?itemId=5738666&reportId=10443313
西藏新虫草 极品那曲冬虫夏草,5,5,5,5,5,,,,,,,,https://try.taobao.com/report/view.htm?itemId=5738666&reportId=10621507
西藏新虫草 极品那曲冬虫夏草,4.5,5,4,4,5,,,,,,,,https://try.taobao.com/report/view.htm?itemId=5738666&reportId=10416873
西藏新虫草 极品那曲冬虫夏草,4.3,2,5,5,5,,,,,,,,https://try.taobao.com/report/view.htm?itemId=5738666&reportId=10489072
西藏新虫草 极品那曲冬虫夏草,5,5,5,5,5,,,,,,,,https://try.taobao.com/report/view.htm?itemId=5738666&reportId=10363828
西藏新虫草 极品那曲冬虫夏草,4,4,4,3,5,,,,,,,,https://try.taobao.com/report/view.htm?itemId=5738666&reportId=10355777
西藏新虫草 极品那曲冬虫夏草,5,5,5,5,5,,,,,,,,https://try.taobao.com/report/view.htm?itemId=5738666&reportId=10492111
西藏新虫草 极品那曲冬虫夏草,3.3,3,3,3,4,,,,,,,,https://try.taobao.com/report/view.htm?itemId=5738666&reportId=10624026
西藏新虫草 极品那曲冬虫夏草,5,5,5,5,5,,,,,,,,https://try.taobao.com/report/view.htm?itemId=5738666&reportId=10500966
西藏新虫草 极品那曲冬虫夏草,5,5,5,5,5,,,,,,,,https://try.taobao.com/report/view.htm?itemId=5738666&reportId=10501214
西藏新虫草 极品那曲冬虫夏草,5,5,5,5,5,,,,,,,,https://try.taobao.com/report/view.htm?itemId=5738666&reportId=10487147
西藏新虫草 极品那曲冬虫夏草,5,5,5,5,5,,,,,,,,https://try.taobao.com/report/view.htm?itemId=5738666&reportId=10454135
西藏新虫草 极品那曲冬虫夏草,3.5,4,4,3,3,,,,,,,,https://try.taobao.com/report/view.htm?itemId=5738666&reportId=10639405
西藏新虫草 极品那曲冬虫夏草,5,5,5,5,5,,,,,,,,https://try.taobao.com/report/view.htm?itemId=5738666&reportId=10363563
北冬虫夏草酒 12年4瓶礼盒装,4.3,,,4,4,,,,,,,,https://try.taobao.com/report/view.htm?itemId=5562814&reportId=9615084
北冬虫夏草酒 12年4瓶礼盒装,5,,,5,5,,,,,,,,https://try.taobao.com/report/view.htm?itemId=5562814&reportId=9515521
北冬虫夏草酒 12年4瓶礼盒装,4.7,,,5,4,,,,,,,,https://try.taobao.com/report/view.htm?itemId=5562814&reportId=9788685
北冬虫夏草酒 12年4瓶礼盒装,5,,,5,5,,,,,,,,https://try.taobao.com/report/view.htm?itemId=5562814&reportId=9621566
贯康 西藏那曲 冬虫夏草,5,5,5,5,5,,,,,,,,https://try.taobao.com/report/view.htm?itemId=4817780&reportId=8911919
贯康 西藏那曲 冬虫夏草,5,5,5,5,5,,,,,,,,https://try.taobao.com/report/view.htm?itemId=4817780&reportId=9040025
贯康 西藏那曲 冬虫夏草,5,5,5,5,5,,,,,,,,https://try.taobao.com/report/view.htm?itemId=4817780&reportId=8812677
贯康 西藏那曲 冬虫夏草,4.8,4,5,5,5,,,,,,,,https://try.taobao.com/report/view.htm?itemId=4817780&reportId=9045999
贯康 西藏那曲 冬虫夏草,4.5,4,5,4,5,,,,,,,,https://try.taobao.com/report/view.htm?itemId=4817780&reportId=9039952
青海玉树冬虫夏草4条一克,3.8,4,4,3,4,,,,,,,,https://try.taobao.com/report/view.htm?itemId=3532761&reportId=7378146
青海玉树冬虫夏草4条一克,4.3,3,5,5,4,,,,,,,,https://try.taobao.com/report/view.htm?itemId=3532761&reportId=7510638
青海玉树冬虫夏草4条一克,4.8,4,5,5,5,,,,,,,,https://try.taobao.com/report/view.htm?itemId=3532761&reportId=7277975
青海玉树冬虫夏草4条一克,5,5,5,5,5,,,,,,,,https://try.taobao.com/report/view.htm?itemId=3532761&reportId=7331547
青海玉树冬虫夏草4条一克,5,5,5,5,5,,,,,,,,https://try.taobao.com/report/view.htm?itemId=3532761&reportId=7509897
青海玉树冬虫夏草4条一克,4.5,3,5,5,5,,,,,,,,https://try.taobao.com/report/view.htm?itemId=3532761&reportId=7388262
青海玉树冬虫夏草4条一克,5,5,5,5,5,,,,,,,,https://try.taobao.com/report/view.htm?itemId=3532761&reportId=7224862
青海玉树冬虫夏草4条一克,4.3,5,4,3,5,,,,,,,,https://try.taobao.com/report/view.htm?itemId=3532761&reportId=7505150
青海玉树冬虫夏草4条一克,5,5,5,5,5,,,,,,,,https://try.taobao.com/report/view.htm?itemId=3532761&reportId=7497051
